id,title,brand,price,price_text,rating,review_count,availability,category_name,category_id,url,scraped_at,description,features_text,images_text,tech_ac_adapter_current,tech_accepted_voltage_frequency,tech_accessory_connection_type,tech_additional_printer_functions,tech_age_range_(description),tech_age_range_description,tech_alert_type,tech_amperage,tech_amperage_capacity,tech_are_batteries_included,tech_asin,"tech_asin
____________________________________________‏",tech_assembled_height,tech_assembled_length,tech_assembled_width,tech_assembly_required,tech_audio_driver_size,tech_audio_driver_type,tech_audio_jack,tech_audio_latency,tech_audio_sensitivity,tech_automotive_fit_type,tech_average_battery_life_(in_hours),tech_average_life,tech_back_material,tech_base_material,tech_batteries,"tech_batteries
____________________________________________‏",tech_batteries_included?,tech_batteries_required,tech_batteries_required?,tech_battery_capacity,tech_battery_cell_type,tech_battery_life,tech_battery_power_rating,tech_battery_type,tech_best_sellers_rank,tech_bluetooth_range,tech_bluetooth_version,tech_body_material,tech_bottle_type,tech_brand,tech_brand_name,tech_breed_recommendation,tech_brightness,tech_brightness_rating,tech_bristle_type,tech_brush_width,tech_bulb_base,tech_bulb_shape_size,tech_cable_feature,tech_cable_length,tech_cable_type,tech_capacity,tech_capacity_total,tech_card_description,tech_care_instructions,tech_carrying_case_battery_average_life,tech_carrying_case_battery_capacity,tech_carrying_case_color,tech_carrying_case_height,tech_carrying_case_length,tech_carrying_case_material,tech_carrying_case_weight,tech_carrying_case_width,tech_cartoon_character,tech_centerline_length,tech_certification,tech_charging_time,tech_circuit_breaker_type,tech_closure,tech_closure_type,tech_color,tech_color_depth,tech_color_name,tech_color_screen,tech_compatibility_options,tech_compatible_amazon_tablet_models,tech_compatible_devices,tech_compatible_headphone_models,tech_compatible_material,tech_compatible_phone_models,tech_connectivity_protocol,tech_connectivity_technologies,tech_connectivity_technology,tech_connector_gender,tech_connector_type,tech_contact_material,tech_contact_type,tech_control_method,tech_control_type,tech_controller_type,tech_country_of_origin,tech_cover_material,tech_current_rating,tech_customer_package_type,tech_customer_reviews,tech_cutting_diameter,tech_data_transfer_rate,tech_date_first_available,"tech_date_first_available
____________________________________________‏",tech_defrost,tech_department,"tech_department
____________________________________________‏",tech_digital_audio_protocol,"tech_dimensions
____________________________________________‏",tech_directions,tech_display_resolution,tech_display_size,tech_display_technology,tech_display_type,tech_drum_set_piece_quantity,tech_dual-sided_printing,tech_duplex,tech_earpiece_shape,"tech_edition
____________________________________________‏",tech_efficiency,tech_embellishment,tech_ethernet_cable_category,tech_eu_spare_part_availability_duration,tech_expansion,tech_exterior,tech_exterior_finish,tech_fabric_type,tech_fastener_material,tech_fastener_type,tech_field_of_view,tech_finish,tech_finish_type,tech_finish_types,tech_fishing_technique,tech_fit_type,tech_fixture_type,tech_folded_knife_size,tech_folded_size,tech_form_factor,tech_frame_material,tech_frame_type,tech_freezer_capacity,tech_frequency,tech_frequency_range,tech_frequency_response,tech_fretboard_material,tech_fuel_type,tech_furniture_finish,tech_gauge,tech_global_trade_identification_number,tech_glove_type,tech_gps,tech_grip_type,tech_guitar_bridge_system,tech_guitar_pick_thickness,tech_guitar_pickup_configuration,tech_hand_orientation,tech_handle_material,tech_handle_type,tech_hard_drive,tech_hardware_interface,tech_hardware_platform,tech_head_style,tech_headphones_jack,tech_height_(inches),tech_human_interface_input,tech_impedance,tech_import,tech_incandescent_equivalent_wattage,tech_included_components,tech_includes_mp3_player?,tech_indoor/outdoor_usage,tech_ink_color,tech_inlet_connection_size,tech_inlet_connection_type,tech_input_voltage,tech_inside_pockets,tech_installation_method,tech_installation_type,tech_instrument_key,tech_insulation_material,tech_is_cordless?,tech_is_customizable,tech_is_discontinued_by_manufacturer,"tech_is_discontinued_by_manufacturer
____________________________________________‏",tech_is_waterproof,"tech_isbn-10
____________________________________________‏","tech_isbn-13
____________________________________________‏",tech_item_depth,tech_item_diameter,tech_item_dimensions__lxwxh,tech_item_dimensions_l_x_w_x_h,tech_item_firmness_description,tech_item_form,tech_item_length,tech_item_model_number,"tech_item_model_number
____________________________________________‏",tech_item_package_dimensions_l_x_w_x_h,tech_item_package_quantity,tech_item_pitch,tech_item_styling,tech_item_thickness,tech_item_weight,"tech_item_weight
____________________________________________‏",tech_lamp_type,tech_language,"tech_language
____________________________________________‏",tech_league,tech_leg_style,tech_lens_material,tech_light_color,tech_light_fixture_form,tech_light_source_type,tech_light_source_wattage,tech_light_type,tech_lighting_method,tech_line_size,tech_line_weight,tech_load_capacity,tech_lock_type,tech_magnification_strength,tech_mallet_hardness,tech_manufacturer,"tech_manufacturer
____________________________________________‏",tech_manufacturer_part_number,tech_manufacturer_recommended_age,"tech_manufacturer_recommended_age
____________________________________________‏",tech_material,tech_material_composition,tech_material_feature,"tech_material_feature
____________________________________________‏",tech_material_type,tech_material_type_free,tech_max_copy_resolution_black-white,tech_max_copy_speed_(black_&_white),tech_max_input_sheet_capacity,tech_max_screen_resolution,tech_maximum_black_and_white_print_resolution,tech_maximum_diameter,tech_maximum_media_size,tech_maximum_power,tech_maximum_range,tech_maximum_recommended_load,tech_maximum_supply_voltage,tech_maximum_voltage,tech_maximum_weight_capacity,tech_maximum_weight_recommendation,tech_measurement_accuracy,tech_measurement_system,tech_measurement_type,tech_memory_card_slot,tech_memory_storage_capacity,tech_microphone_form_factor,tech_mildew-resistant,tech_min._operating_voltage,tech_minimum_switching_voltage,tech_mirror_adjustment,tech_mixer_channel_quantity,tech_model,tech_model_info,tech_model_name,tech_model_number,tech_model_series,tech_model_year,tech_mounting_type,tech_musical_style,tech_national_stock_number,tech_neck_material_type,tech_night_vision,tech_no._of_wires,tech_noise_control,tech_number_of_batteries,tech_number_of_buttons,tech_number_of_cable_strands,tech_number_of_channels,tech_number_of_circuits,tech_number_of_compartments,tech_number_of_contacts,tech_number_of_doors,tech_number_of_drawers,tech_number_of_handles,tech_number_of_items,tech_number_of_keyboard_keys,tech_number_of_light_sources,tech_number_of_pieces,tech_number_of_pins,tech_number_of_pockets,tech_number_of_poles,tech_number_of_ports,tech_number_of_power_levels,tech_number_of_shelves,tech_number_of_strings,tech_number_of_terminals,tech_number_of_usb_2_ports,tech_objective_lens_diameter,tech_occasion,tech_oem_part_number,tech_opening_mechanism,tech_operating_system,tech_operation_mode,tech_orientation,tech_os,tech_other_camera_features,tech_other_display_features,tech_outer_material,tech_outlet_connection_size,tech_outlet_connection_type,tech_output_power,tech_output_sheet_capacity,tech_output_voltage,tech_output_wattage,tech_outside_diameter,tech_package_dimensions,"tech_package_dimensions
____________________________________________‏",tech_package_information,tech_package_type_name,tech_package_weight,tech_packaging,tech_page_yield,tech_pages,tech_paper_finish,tech_paper_weight,tech_part_number,tech_pattern,tech_percussion_diameter,tech_phone_standby_time_(with_data),tech_phone_talk_time,tech_plug_format,tech_pocket_description,tech_point_type,tech_position,tech_power_consumption,tech_power_source,tech_power_source_type,"tech_print_length
____________________________________________‏",tech_print_media,tech_printer_model_compatibility,tech_processor_count,tech_product_care_instructions,tech_product_dimensions,"tech_product_dimensions
____________________________________________‏",tech_product_grade,tech_product_name,tech_proficiency_level,"tech_publication_date
____________________________________________‏","tech_publisher
____________________________________________‏",tech_ram,tech_read_speed,tech_recommended_uses_for_product,tech_recording_capacity,tech_release_date,tech_reticle_type,tech_reusability,tech_room_type,tech_safety_rating,tech_scale_length,tech_scanner_resolution,tech_scanner_type,tech_school_type,tech_seat_height,tech_seat_width,tech_secure_digital_association_speed_class,tech_sensitivity,tech_series,tech_series_number,tech_set_name,tech_shade_color,tech_shade_material,tech_shape,tech_sheet_size,tech_shelf_thickness,tech_shelf_type,tech_shelf_weight_capacity,tech_shell_type,tech_shelves,tech_signal-to-noise_ratio,tech_signal_format,tech_size,tech_speaker_amplification_type,tech_speaker_count,tech_speaker_size,tech_speaker_type,tech_special_feature,tech_special_features,tech_specific_instructions_for_use,tech_specific_uses_for_product,tech_specification_met,tech_specifications,tech_sport,tech_sport_type,tech_spout_height,tech_standing_screen_display_size,tech_storage_volume,tech_string_gauge,tech_string_material,tech_style,tech_subwoofer_connectivity_technology,tech_subwoofer_diameter,tech_suggested_users,tech_supported_internet_services,tech_supported_software,tech_surface_recommendation,tech_surround_sound_channel_configuration,tech_switch_style,tech_switch_type,tech_target_audience,tech_target_audience_keyword,tech_target_gender,tech_target_species,tech_team_name,tech_temperature_range,tech_temperature_rating,tech_tensile_strength,tech_terminal,tech_theme,tech_thickness,tech_top_material,tech_total_recycled_content_percentage,tech_total_usb_ports,tech_towel_form_type,tech_tweeter_diameter,tech_type_of_item,tech_unit_count,tech_units,"tech_units
____________________________________________‏",tech_upc,"tech_upc
____________________________________________‏",tech_upper_temperature_rating,tech_usage,tech_vehicle_service_type,tech_voice_command,tech_voltage,tech_warranty,tech_warranty_description,tech_warranty_type,tech_water_resistance_level,tech_wattage,tech_weight,tech_weight_capacity,tech_weight_limit,tech_whats_in_the_box,tech_white_brightness,tech_width_(inches),tech_wire_diameter,tech_wireless_communication_technologies,tech_wireless_communication_technology,tech_wireless_microphone_frequency,tech_wireless_remote,tech_wireless_type,tech_with_lid,tech_woofer_diameter,tech_write_speed,rank_1_category,rank_1_position,rank_2_category,rank_2_position,rank_3_category,rank_3_position,features,images,ranks,technical_details
B0C9Y4SSZT,"Virtual Reality Headset for Phone with Controller, 3D VR Glasses Adjustable VR Virtual Reality Goggles, Compatible 4.7-6.5 inch for iPhone & Android, for Movies Games（Black）",aiMaKE,23.99,$23.99,4.6,25.0,In Stock,virtual_reality_(vr)_headsets_14775002011,14775002011,https://www.amazon.com/dp/B0C9Y4SSZT,2025-09-13T05:25:21.310600,"VR Headset for Phone with Controller Our 3D VR headset offers FD and OD adjustments to expand the viewing angle and perfectly match focal distance and unilateral myopic alignment for reduced distortion.Boasting HD optimization and 3D gaming support, you’ll put yourself right into the action with games, movies and more! ﻿ Specification: Material: ABS +40MM resin Lens Compatible: 4.7 inch to 6.5 inch screen FOV: 90-108° Focal Distance : Adjustable Battery: AAA 1.5V x 2 (not included) ﻿ How to use VR Headset? 1.Download VR App on your phone application store, google cardboard or appstore; 2.Open VR APP on your phone; 3.Put Phone on the VR Headset; 4.Adjust the focal distance and pupil distance Once again until your eyes feel comfortable; 5.Choose wihich movie or video games you are interested and open the app, then enjoy 3D VR Videos. ﻿ Package Included: 1 x Virtual Reality Glasses 1 x Remote Controller (AAA battery Not include) 1 x User Manual 1 x Cleaning Cloth","🌎[Immersive 3D Experience] Our VR headset delivers an unparalleled 3D VR experience, featuring adjustable lenses cover to enhance clarity and immerse you in 360° videos. | 🌎[More Comfortable to Wearing] VR headset lightweight,comfortable with ergonomic design reduce pressure around the face by adjusting the buckles on both sides and videos. We recommend that you take a break every half hour while playing VR to maximize your eye protection. | 🌎[Ultimate Comfort] The VR headset features fully adjustable head straps, a vision protection system, and a soft nose pad, significantly reducing pressure for prolonged comfort during immersive experiences. | 🌎[Remote Controller] Our virtual reality headset provide a control that connected to the phone via Remote Controller, Control your VR experience effortlessly with the included remote controller. Play and pause your favorite music, adjust volume levels, and enhance your gaming and movie experience with just a click. (not include AAA battery) | 🌎[Wide Compatibility] VR glasses are suitable for most non-curved smartphones with screen size of 4.7-6.5 inches such as for Phone 15 Pro Max/15/15 Pro/14 Pro Max/14/13 Pro Max/13 Pro/13/13 Mini/12 Pro Max/12 Pro/12/12 Mini/11 Pro Max/11 Pro/11/8 Plus/8/7 Plus/7/ MAX/XR/X; for Galaxy S22/S21/S21 Ultra/S20/S10/S10e/S10 Plus/S9/S9 Plus/Note 10 Plus/Note 10/9/8/A20e/A50.",https://m.media-amazon.com/images/I/31DR+lFYdIL.jpg | https://m.media-amazon.com/images/I/41Jfsendl6L.jpg | https://m.media-amazon.com/images/I/41iFJ5H4DdL.jpg | https://m.media-amazon.com/images/I/51+m8qaeowL.jpg | https://m.media-amazon.com/images/I/41n+g76kgZL.jpg | https://m.media-amazon.com/images/I/51SuEMg5DpL.jpg,,,,,,,,,,,B0FH2BCWJY,,,,,,,,,,,,,,,,,,,,,,,,,,"#21,673 in Cell Phones & Accessories (See Top 100 in Cell Phones & Accessories) #10 in Cell Phone Virtual Reality (VR) Headsets",,,,,,,,,,,,,,,,,,,,,,,,,,,,,,,,,,,,,,,,,,,,,,,,,,,,,,,,,,,,"4.6  4.6 out of 5 stars    
    25 ratings   


 4.6 out of 5 stars",,,"July 8, 2025",,,,,,,,,,,,,,,,,,,,,,,,,,,,,,,,,,,,,,,,,,,,,,,,,,,,,,,,,,,,,,,,,,,,,,,,,,,,,,,,,,,,,,,,,,,,,,,,,,,,7.8 ounces,,,,,,,,,,,,,,,,,,,,aiMaKE,,,,,,,,,,,,,,,,,,,,,,,,,,,,,,,,,,,,,,,,,,,,,,,,,,,,,,,,,,,,,,,,,,,,,,,,,,,,,,,,,,,,,,,,,,6.65 x 4.37 x 4.17 inches,,,,,,,,,,,,,,,,,,,,,,,,,,,,,,,,,,,,,,,,,,,,,,,,,,,,,,,,,,,,,,,,,,,,,,,,,,,,,,,,,,,,,,,,,,,,,,,,,,,,,,,,,,,,,,,,,,,,,,,,,,,,,,,,,,,,,,,,,,,,Cell Phones & Accessories,21673.0,Cell Phone Virtual Reality,10.0,,,"['🌎[Immersive 3D Experience] Our VR headset delivers an unparalleled 3D VR experience, featuring adjustable lenses cover to enhance clarity and immerse you in 360° videos.', '🌎[More Comfortable to Wearing] VR headset lightweight,comfortable with ergonomic design reduce pressure around the face by adjusting the buckles on both sides and videos. We recommend that you take a break every half hour while playing VR to maximize your eye protection.', '🌎[Ultimate Comfort] The VR headset features fully adjustable head straps, a vision protection system, and a soft nose pad, significantly reducing pressure for prolonged comfort during immersive experiences.', '🌎[Remote Controller] Our virtual reality headset provide a control that connected to the phone via Remote Controller, Control your VR experience effortlessly with the included remote controller. Play and pause your favorite music, adjust volume levels, and enhance your gaming and movie experience with just a click. (not include AAA battery)', '🌎[Wide Compatibility] VR glasses are suitable for most non-curved smartphones with screen size of 4.7-6.5 inches such as for Phone 15 Pro Max/15/15 Pro/14 Pro Max/14/13 Pro Max/13 Pro/13/13 Mini/12 Pro Max/12 Pro/12/12 Mini/11 Pro Max/11 Pro/11/8 Plus/8/7 Plus/7/ MAX/XR/X; for Galaxy S22/S21/S21 Ultra/S20/S10/S10e/S10 Plus/S9/S9 Plus/Note 10 Plus/Note 10/9/8/A20e/A50.']","['https://m.media-amazon.com/images/I/31DR+lFYdIL.jpg', 'https://m.media-amazon.com/images/I/41Jfsendl6L.jpg', 'https://m.media-amazon.com/images/I/41iFJ5H4DdL.jpg', 'https://m.media-amazon.com/images/I/51+m8qaeowL.jpg', 'https://m.media-amazon.com/images/I/41n+g76kgZL.jpg', 'https://m.media-amazon.com/images/I/51SuEMg5DpL.jpg']","[{'rank': 21673, 'category': 'Cell Phones & Accessories'}, {'rank': 10, 'category': 'Cell Phone Virtual Reality'}]","{'Package Dimensions': '6.65 x 4.37 x 4.17 inches', 'Item Weight': '7.8 ounces', 'ASIN': 'B0FH2BCWJY', 'Customer Reviews': '4.6  4.6 out of 5 stars    \n    25 ratings   \n\n\n 4.6 out of 5 stars', 'Best Sellers Rank': '#21,673 in Cell Phones & Accessories (See Top 100 in Cell Phones & Accessories) #10 in Cell Phone Virtual Reality (VR) Headsets', 'Date First Available': 'July 8, 2025', 'Manufacturer': 'aiMaKE'}"
B0006NAS7G,"22 in 1 Precision Cleaning Kit – Professional Electronic Device Cleaning Tools for Phone, airPods Headset, Keyboards, Cameras, Laptop & More",Lanrxs,9.9,$9.90,4.4,11.0,In Stock,cleaning_equipment_172426,172426,https://www.amazon.com/dp/B0006NAS7G,2025-09-12T18:56:36.757107,"Product description  





  22-in-1 digital cleaning kit, suitable for mobile phones, cameras, headphones, computer screens, keyboards, etc   Universal Electronics Cleaning Kit – Safe for All Your Devices   Keep your gadgets spotless with our professional-grade cleaning kit, designed for virtually any small electronic device. Perfect for:   Screens: Laptops, tablets, smartphones, TVs, and monitorsInput Devices: Keyboards, mice, and controllersPrecision Optics: Camera lenses, glasses, and VR/AR headsetsAudio Gear: Headphones, earbuds, and headsets   Gentle yet effective, our kit safely removes dust, fingerprints, and smudges without harsh chemicals—ensuring a streak-free shine every time. Ideal for home, office, or on-the-go cleaning!  





 

 What does the 22-in-1 digital cleaning set include   Storage body Small soft/hard bristled brushRetrieve card pin / Key puller / Puller shaft / Gap knifeBluetooth earphone charging case flat head brush / tweezers Hook shaped head / Extension rod / Screen cleaner / Small bend brush  Bluetooth earphone charging case pointed brush / Camera lens cleaningCleaning sponge head for Bluetooth earphone charging case / Soft bristled short brushEarphone brush  / Clean pen tip / Side dust scraperKeyboard brush  / Screen cleaning cloth  






 Clean the computer keyboard  


 
 pull out the keyboard   Use Key puller  to pull out the keyboard  


 
 pull out the keyboard button   Use  Tweezers  pull out the keyboard button  


 
 clean keyboard   Use  Keyboard brush  clean keyboard  






 Clean the headphones and the phone   


 
 Clean the earphone case  


 
 Clean the headphones  


 
 Clean the phone frame  


 
 Clean the phone jack  






 Comparison before and after using the cleaning kit    Use the cleaning kit tool to take care of your digital devices and make them look brand new. It's a great helper to relieve stress  





 

 Detailed tool display of the cleaning kit","【22-in-1 Multi-Tool clean Kit】 Includes soft/hard brushes, SIM ejector, key puller, gap scraper, tweezers, and more for complete device maintenance | 【Precision Cleaning Tools】 Hook head for charging ports, bendable brush for tight corners, and pointed tip for earbud grimes—no dust left behind | 【Streak-Free Screen & Lens Care】 Microfiber cloth and lens cleaning tool remove fingerprints and smudges for crystal-clear displays and photos | 【Safe & Non-Damaging】 Soft bristles prevent scratches, keycap puller avoids keyboard damage, and metal tools are durable yet gentle | 【Portable & Organized】 Compact case fits in bags, making it perfect for travel, work, or home use—always keep your gadgets clean | 【Tools for Reducing Mental Stress】Quietly cleaning digital devices, relieving daily mental stress, and enjoying the pleasure of cleaning digital devices","https://m.media-amazon.com/images/I/31zDtYTR-FL.jpg | https://m.media-amazon.com/images/I/41XSi6Y6HlL.jpg | https://m.media-amazon.com/images/I/51DqOJO7u7L.jpg | https://m.media-amazon.com/images/I/41c6akdtFiL.jpg | https://m.media-amazon.com/images/I/51oRkW5odsL.jpg | https://m.media-amazon.com/images/I/51crxnbQoXL.jpg | https://m.media-amazon.com/images/I/51t3582oBoL.SS40_BG85,85,85_BR-120_PKdp-play-icon-overlay__.jpg",,,,,,,,,,,B0F6JR3W6L,,,,,,,,,,,,,,,,,,,,,,,,,,#52 in Camera & Photo Cleaning Kits,,,,,,,,,,,,,,,,,,,,,,,,,,,,,,,,,,,,,,,,,,,,,,,,,,,,,,,,,,,,"4.4  4.4 out of 5 stars    
    11 ratings   


 4.4 out of 5 stars",,,"April 6, 2025",,,,,,,,,,,,,,,,,,,,,,,,,,,,,,,,,,,,,,,,,,,,,,,,,,,,,,,,,,,,,,,,,,,,,,,,,,,,,,,,,,,,,,,,,,,,,K22,,,,,,,6 ounces,,,,,,,,,,,,,,,,,,,,Lanrxs,,,,,,,,,,,,,,,,,,,,,,,,,,,,,,,,,,,,,,,,,,,,,,,,,,,,,,,,,,,,,,,,,,,,,,,,,,,,,,,,,,,,,,,,,,5.83 x 2.99 x 1.14 inches,,,,,,,,,,,,,,,,,,,,,,,,,,,,,,,,,,,,,,,,,,,,,,,,,,,,,,,,,,,,,,,,,,,,,,,,,,,,,,,,,,,,,,,,,,,,,,,,,,,,,,,,,,,,,,,,,,,,,,,,,,,,,,,,,,,,,,,,,,,,"Camera & Photo Cleaning Kits       Date First Available   April 6, 2025     Manufacturer   Lanrxs          Warranty & Support   Product Warranty: For warranty information about this product, please click here      Feedback",52.0,,,,,"['【22-in-1 Multi-Tool clean Kit】 Includes soft/hard brushes, SIM ejector, key puller, gap scraper, tweezers, and more for complete device maintenance', '【Precision Cleaning Tools】 Hook head for charging ports, bendable brush for tight corners, and pointed tip for earbud grimes—no dust left behind', '【Streak-Free Screen & Lens Care】 Microfiber cloth and lens cleaning tool remove fingerprints and smudges for crystal-clear displays and photos', '【Safe & Non-Damaging】 Soft bristles prevent scratches, keycap puller avoids keyboard damage, and metal tools are durable yet gentle', '【Portable & Organized】 Compact case fits in bags, making it perfect for travel, work, or home use—always keep your gadgets clean', '【Tools for Reducing Mental Stress】Quietly cleaning digital devices, relieving daily mental stress, and enjoying the pleasure of cleaning digital devices']","['https://m.media-amazon.com/images/I/31zDtYTR-FL.jpg', 'https://m.media-amazon.com/images/I/41XSi6Y6HlL.jpg', 'https://m.media-amazon.com/images/I/51DqOJO7u7L.jpg', 'https://m.media-amazon.com/images/I/41c6akdtFiL.jpg', 'https://m.media-amazon.com/images/I/51oRkW5odsL.jpg', 'https://m.media-amazon.com/images/I/51crxnbQoXL.jpg', 'https://m.media-amazon.com/images/I/51t3582oBoL.SS40_BG85,85,85_BR-120_PKdp-play-icon-overlay__.jpg']","[{'rank': 52, 'category': 'Camera & Photo Cleaning Kits       Date First Available   April 6, 2025     Manufacturer   Lanrxs          Warranty & Support   Product Warranty: For warranty information about this product, please click here      Feedback'}]","{'Package Dimensions': '5.83 x 2.99 x 1.14 inches', 'Item Weight': '6 ounces', 'ASIN': 'B0F6JR3W6L', 'Item model number': 'K22', 'Customer Reviews': '4.4  4.4 out of 5 stars    \n    11 ratings   \n\n\n 4.4 out of 5 stars', 'Best Sellers Rank': '#52 in Camera & Photo Cleaning Kits', 'Date First Available': 'April 6, 2025', 'Manufacturer': 'Lanrxs'}"
B07PPDR5NT,"Hollyland Lark M2S Combo (Camera RX+USB-C RX+ Lightning Cable) Wireless Microphone for iPhone/Camera/Android/PC, Titanium Clip, Noise Cancelling, 30H Use, Vlog, Interview, Content Creation",HollyView,139.0,$139.00,4.6,1125.0,In Stock,microphones_accessories_11974521,11974521,https://www.amazon.com/dp/B07PPDR5NT,2025-09-13T06:33:59.524385,"Product description  

 


 
     
The video showcases the product in use.The video guides you through product setup.The video compares multiple products.The video shows the product being unpacked.Video Player is loading.Click to play videoPlayMuteCurrent Time 0:00/Duration 0:55Loaded: 10.92%0:00Stream Type LIVESeek to live, currently behind liveLIVERemaining Time -0:55 1xPlayback RateChaptersChaptersDescriptionsdescriptions off, selectedCaptionscaptions off, selectedAudio Trackdefault, selectedFullscreenThis is a modal window. LARK M2S Merchant Video

     

         

   Previous page 
   
 
   
 
   
Next page   
















      

   Previous page 
   
 
   
 
   
 
   
 
   
 
   
Next page   

























      

   Previous page 
   
 
   
Next page   













      

   Previous page 
   
 
   
 
   
 
   
Next page","【Innovative Titanium Clip-on Design】 With exceptional structural stability and durability, LARK M2S's innovative titanium clip-on design keeps your microphone securely in place, significantly enhancing the comfort and user experience, even during high-intensity activities like sports, cycling, or running. | 【High-Fidelity, Capture Rich Detail】 Capture rich details with 24-bit/48kHz sampling rate for crystal-clear, natural audio. A 70dB SNR minimizes background noise, while the 116dB SPL ensures low distortion for loud sources. Create professional, true-to-life recordings effortlessly. | 【Noise Cancellation & Long-Range Stability】 Advanced ENC technology removes low-frequency noise for polished audio. Easily adjust 2 noise cancellation levels via the LarkSound App. With a 300m (1000ft) MAX range and RF interference-resistant circuit, it provides stable, pristine sound quality even in signal-dense locations like event venues and busy urban areas. | 【30H Long Battery Power】 Enjoy 9 hours of working time per transmitter/receiver (noise cancellation off) with a quick 1.5-hour recharge. The charging case adds 2.5 full charges, delivering up to 30 hours of total battery life (Lark M2 Mobile Version 27H) to keep you powered for all-day creativity and productivity. | 【Universally Compatible, Effortlessly Flexible】 LARK M2S works with cameras, audio equipment, iOS/Android devices, and Windows/Mac computers via 3.5mm analog and USB-C digital outputs. Enjoy plug-and-play recording on mobile devices with no need to unplug for playback—perfect for vlogger, creators, on the go! | 【Easy Control & Monitoring】 Simplify your recording experience with the LarkSound App. Check battery life, adjust volume, monitor connections, and fine-tune noise cancellation levels to meet your recording needs effortlessly. | LARK M2S Combo version includes 2x Pearl-sized TX, 1x Camera RX, 1x Type-C RX, 1x Type-C to Lightning Cable, 1x Charging Case",https://m.media-amazon.com/images/I/41-gdJa3cCL.jpg | https://m.media-amazon.com/images/I/41gaCg0K8lL.jpg | https://m.media-amazon.com/images/I/4129tAtsaLL.jpg | https://m.media-amazon.com/images/I/51rkncHyGHL.jpg | https://m.media-amazon.com/images/I/51qU7kjwYBL.jpg | https://m.media-amazon.com/images/I/410LX-wn8FL.jpg | https://m.media-amazon.com/images/I/41uTF3XRdJL.jpg,,,,,,,,,,,B0DNQ95NKY,,,,,,,,,,,,,,,,4 C batteries required. (included),,,,,,,,,Lithium Ion,#274 in Musical Instruments (See Top 100 in Musical Instruments) #5 in Wireless Microphone Transmitters & Receivers,,,,,,,,,,,,,,,,,,,,,,,,,,,,,,,,,,,,,,Black,,,,,,,,,,,,,,,,,,,,,,"4.6  4.6 out of 5 stars    
    1,125 ratings   


 4.6 out of 5 stars",,,"January 8, 2025",,,,,,,,,,,,,,,,,,,,,,,,,,,,,,,,,,,,,,,,,,48 KHz,,,,,,,,,,,,,,,,,,,,,,,,,,,,,,,,,,,,,,,,,,,,,,,5.31 x 3.94 x 3.35 inches,,,,LARK M2S,,,,,,,11.6 ounces,,,,,,,,,,,,,,,,,,,,Hollyland,,,,,,,,,,,,,,,,,,,,,,,,,,,,,,Lavalier,,,,,,,,,,,,,,,,,,,4 C batteries required. (included),,,2,,,,,,,,,,,,,,,,,,,,,,,,,,,,,,,,,,,,,,,,,,,,,,,,,,,,,,,,,,Battery Powered,,,,,,,5.31 x 3.94 x 3.35 inches,,,,,,,,,,,,,,,,,,,,,,,,,,,,,,,,,,,,70 dB,,Lark M2S (Camera RX+Type-C RX+C-L Cable),,,,,,,,,,,,,,,,,,,,,,,,,,,,,,,,,,,,,,,,,,,,,,,,191460008146,,,,,,,,,,,,,,,,,,,,,,,,,,,Musical Instruments,274.0,"Wireless Microphone Transmitters & Receivers       Date First Available   January 8, 2025     Color Name   Black     Size   Lark M2S",5.0,,,"[""【Innovative Titanium Clip-on Design】 With exceptional structural stability and durability, LARK M2S's innovative titanium clip-on design keeps your microphone securely in place, significantly enhancing the comfort and user experience, even during high-intensity activities like sports, cycling, or running."", '【High-Fidelity, Capture Rich Detail】 Capture rich details with 24-bit/48kHz sampling rate for crystal-clear, natural audio. A 70dB SNR minimizes background noise, while the 116dB SPL ensures low distortion for loud sources. Create professional, true-to-life recordings effortlessly.', '【Noise Cancellation & Long-Range Stability】 Advanced ENC technology removes low-frequency noise for polished audio. Easily adjust 2 noise cancellation levels via the LarkSound App. With a 300m (1000ft) MAX range and RF interference-resistant circuit, it provides stable, pristine sound quality even in signal-dense locations like event venues and busy urban areas.', '【30H Long Battery Power】 Enjoy 9 hours of working time per transmitter/receiver (noise cancellation off) with a quick 1.5-hour recharge. The charging case adds 2.5 full charges, delivering up to 30 hours of total battery life (Lark M2 Mobile Version 27H) to keep you powered for all-day creativity and productivity.', '【Universally Compatible, Effortlessly Flexible】 LARK M2S works with cameras, audio equipment, iOS/Android devices, and Windows/Mac computers via 3.5mm analog and USB-C digital outputs. Enjoy plug-and-play recording on mobile devices with no need to unplug for playback—perfect for vlogger, creators, on the go!', '【Easy Control & Monitoring】 Simplify your recording experience with the LarkSound App. Check battery life, adjust volume, monitor connections, and fine-tune noise cancellation levels to meet your recording needs effortlessly.', 'LARK M2S Combo version includes 2x Pearl-sized TX, 1x Camera RX, 1x Type-C RX, 1x Type-C to Lightning Cable, 1x Charging Case']","['https://m.media-amazon.com/images/I/41-gdJa3cCL.jpg', 'https://m.media-amazon.com/images/I/41gaCg0K8lL.jpg', 'https://m.media-amazon.com/images/I/4129tAtsaLL.jpg', 'https://m.media-amazon.com/images/I/51rkncHyGHL.jpg', 'https://m.media-amazon.com/images/I/51qU7kjwYBL.jpg', 'https://m.media-amazon.com/images/I/410LX-wn8FL.jpg', 'https://m.media-amazon.com/images/I/41uTF3XRdJL.jpg']","[{'rank': 274, 'category': 'Musical Instruments'}, {'rank': 5, 'category': 'Wireless Microphone Transmitters & Receivers       Date First Available   January 8, 2025     Color Name   Black     Size   Lark M2S'}]","{'Microphone Form Factor': 'Lavalier', 'Item dimensions L x W x H': '5.31 x 3.94 x 3.35 inches', 'Power Source': 'Battery Powered', 'Number of Batteries': '4 C batteries required. (included)', 'Signal-to-Noise Ratio': '70 dB', 'Number of Channels': '2', 'Frequency Response': '48 KHz', 'Manufacturer': 'Hollyland', 'UPC': '191460008146', 'Item Weight': '11.6 ounces', 'Product Dimensions': '5.31 x 3.94 x 3.35 inches', 'ASIN': 'B0DNQ95NKY', 'Item model number': 'LARK M2S', 'Batteries': '4 C batteries required. (included)', 'Customer Reviews': '4.6  4.6 out of 5 stars    \n    1,125 ratings   \n\n\n 4.6 out of 5 stars', 'Best Sellers Rank': '#274 in Musical Instruments (See Top 100 in Musical Instruments) #5 in Wireless Microphone Transmitters & Receivers', 'Date First Available': 'January 8, 2025', 'Color Name': 'Black', 'Size': 'Lark M2S (Camera RX+Type-C RX+C-L Cable)', 'Battery type': 'Lithium Ion'}"
B0FJFGLX5V,"Oculus Quest 2 Advanced All-in-One Virtual Reality Gmaing VR Headset 128GB Set, White (Renewed)",Amazon Renewed,9.97,$9.97,4.4,13.0,This item cannot be shipped to your selected delivery location. Please choose a different delivery location.,virtual_reality_(vr)_headsets_14775002011,14775002011,https://www.amazon.com/dp/B0FJFGLX5V,2025-09-13T05:26:35.791416,"Quest 2 Advanced All-in-One Virtual Reality Gmaing VR Headset 128GB Set, White","Cell Phones & Accessories | › | Accessories | › | Virtual Reality (VR) Headsets | Quality Price, | Reliable delivery option, and | Seller who offers good customer service | 7+ | 6+ | 5+ | 4+ | 3+ | 2+ | 1+ | To view this video download   Flash Player | #37,845 in Cell Phones & Accessories (See Top 100 in Cell Phones & Accessories) | #24 in Cell Phone Virtual Reality (VR) Headsets | 5 star4 star3 star2 star1 star5 star75%0%19%0%6%75% | 5 star4 star3 star2 star1 star4 star75%0%19%0%6%0% | 5 star4 star3 star2 star1 star3 star75%0%19%0%6%19% | 5 star4 star3 star2 star1 star2 star75%0%19%0%6%0% | 5 star4 star3 star2 star1 star1 star75%0%19%0%6%6% | Cheryl Augspurger5.0 out of 5 stars
Grandson
Reviewed in the United States on January 25, 2025Verified Purchase


Grandson loves it
Read more



              Helpful


Report | Brayden3.0 out of 5 stars
Refurbed, but maybe a little more required.
Reviewed in the United States on August 9, 2025Verified Purchase
While it is refurbished and functions overall very well displaywise, there is unusable (at least for VR Skyrim, which I purchased the setup for) southeast stick drift on the left controller that recalibrating does not fix, and I will either be buying a new controller or getting a second refurb on it somewhere in person. Cheaper starting point than getting a new Quest 2 though, and games that don't require the left joystick like Beat Saber still work fine and are very fun to play.
Read more
One person found this helpful


              Helpful


Report | Anthony aldama5.0 out of 5 stars
Great
Reviewed in the United States on January 24, 2025Verified Purchase
Great toy
Read more



              Helpful


Report | Paul R. Johnson1.0 out of 5 stars
Bad
Reviewed in the United States on January 19, 2025
It is too small for me to wear
Read more
2 people found this helpful


              Helpful


Report",https://m.media-amazon.com/images/I/41lKHP6YSKL.jpg | https://m.media-amazon.com/images/I/31MPSDnQmUL.jpg | https://m.media-amazon.com/images/I/310U6tpT10L.jpg | https://m.media-amazon.com/images/I/312uzX+kZHL.jpg | https://m.media-amazon.com/images/I/41r8gE6d3WL.jpg | https://m.media-amazon.com/images/I/31kwo1D-rYL.jpg | https://m.media-amazon.com/images/I/31yS5ZUU92L.jpg,,,,,,,,,,,B0DNNWGW9R,,,,,,,,,,,,,,,,,,,,,,,,,,"#37,845 in Cell Phones & Accessories (See Top 100 in Cell Phones & Accessories) #24 in Cell Phone Virtual Reality (VR) Headsets",,,,,,,,,,,,,,,,,,,,,,,,,,,,,,,,,,,,,,,,,,,,,,,,,,,,,,,,,,,,"4.4  4.4 out of 5 stars    
    13 ratings   


 4.4 out of 5 stars",,,"November 20, 2024",,,,,,,,,,,,,,,,,,,,,,,,,,,,,,,,,,,,,,,,,,,,,,,,,,,,,,,,,,,,,,,,,,,,,,,,,,,,,,,,,,,,,,,,,,,,,Quest 2,,,,,,,1.83 pounds,,,,,,,,,,,,,,,,,,,,Oculus,,,,,,,,,,,,,,,,,,,,,,,,,,,,,,,,,,,,,,,,,,,,,,,,,,,,,,,,,,,,,,,,,,,,,,,,,,,,,,,,,,,,,,,,,,,,,,,,,,,,,,,,,,,,,,,,,,,,,16.4 x 7.6 x 5 inches,,,,,,,,,,,,,,,,,,,,,,,,,,,,,,,,,,,,,,,,,,,,,,,,,,,,,,,,,,,,,,,,,,,,,,,,,,,,,,,,,,,,,,,,,,,,,,,,,,,,,,,,,,,,,,,,,Cell Phones & Accessories,37845.0,Cell Phone Virtual Reality,24.0,,,"['Cell Phones & Accessories', '›', 'Accessories', '›', 'Virtual Reality (VR) Headsets', 'Quality Price,', 'Reliable delivery option, and', 'Seller who offers good customer service', '7+', '6+', '5+', '4+', '3+', '2+', '1+', 'To view this video download   Flash Player', '#37,845 in Cell Phones & Accessories (See Top 100 in Cell Phones & Accessories)', '#24 in Cell Phone Virtual Reality (VR) Headsets', '5 star4 star3 star2 star1 star5 star75%0%19%0%6%75%', '5 star4 star3 star2 star1 star4 star75%0%19%0%6%0%', '5 star4 star3 star2 star1 star3 star75%0%19%0%6%19%', '5 star4 star3 star2 star1 star2 star75%0%19%0%6%0%', '5 star4 star3 star2 star1 star1 star75%0%19%0%6%6%', 'Cheryl Augspurger5.0 out of 5 stars\nGrandson\nReviewed in the United States on January 25, 2025Verified Purchase\n\n\nGrandson loves it\nRead more\n\n\n\n              Helpful\n\n\nReport', ""Brayden3.0 out of 5 stars\nRefurbed, but maybe a little more required.\nReviewed in the United States on August 9, 2025Verified Purchase\nWhile it is refurbished and functions overall very well displaywise, there is unusable (at least for VR Skyrim, which I purchased the setup for) southeast stick drift on the left controller that recalibrating does not fix, and I will either be buying a new controller or getting a second refurb on it somewhere in person. Cheaper starting point than getting a new Quest 2 though, and games that don't require the left joystick like Beat Saber still work fine and are very fun to play.\nRead more\nOne person found this helpful\n\n\n              Helpful\n\n\nReport"", 'Anthony aldama5.0 out of 5 stars\nGreat\nReviewed in the United States on January 24, 2025Verified Purchase\nGreat toy\nRead more\n\n\n\n              Helpful\n\n\nReport', 'Paul R. Johnson1.0 out of 5 stars\nBad\nReviewed in the United States on January 19, 2025\nIt is too small for me to wear\nRead more\n2 people found this helpful\n\n\n              Helpful\n\n\nReport']","['https://m.media-amazon.com/images/I/41lKHP6YSKL.jpg', 'https://m.media-amazon.com/images/I/31MPSDnQmUL.jpg', 'https://m.media-amazon.com/images/I/310U6tpT10L.jpg', 'https://m.media-amazon.com/images/I/312uzX+kZHL.jpg', 'https://m.media-amazon.com/images/I/41r8gE6d3WL.jpg', 'https://m.media-amazon.com/images/I/31kwo1D-rYL.jpg', 'https://m.media-amazon.com/images/I/31yS5ZUU92L.jpg']","[{'rank': 37845, 'category': 'Cell Phones & Accessories'}, {'rank': 24, 'category': 'Cell Phone Virtual Reality'}]","{'Product Dimensions': '16.4 x 7.6 x 5 inches', 'Item Weight': '1.83 pounds', 'ASIN': 'B0DNNWGW9R', 'Item model number': 'Quest 2', 'Customer Reviews': '4.4  4.4 out of 5 stars    \n    13 ratings   \n\n\n 4.4 out of 5 stars', 'Best Sellers Rank': '#37,845 in Cell Phones & Accessories (See Top 100 in Cell Phones & Accessories) #24 in Cell Phone Virtual Reality (VR) Headsets', 'Date First Available': 'November 20, 2024', 'Manufacturer': 'Oculus'}"
B09QKCFGV1,"Aenllosi Hard Carrying Case Compatible with GameSir G8 Plus Mobile Game Controller, GameSir Phone Controller Organizer (Case Only)",Aenllosi,20.99,$20.99,4.8,261.0,In Stock,gaming_accessories_21209102011,21209102011,https://www.amazon.com/dp/B09QKCFGV1,2025-09-13T01:58:36.955276,"Product description  


 


         


 Case for GameSir   
       GameSir x2s/x2/x2pro Case    
    
 Add to Cart  
 
     GameSir G8 Galileo Case    
    
 Add to Cart  
 
     GameSir G8/G8+ Grip Cover    
    
 Add to Cart  
 
     GameSir G8/G8+ Grip Cover    
    
 Add to Cart  
 
     GameSir X5 Lite Case    
    
 Add to Cart  
 
     GameSir X5 Lite Case    
    
 Add to Cart  
 
     Gamesir G8 Plus Case    
    
 Add to Cart  
 
    
 Customer Reviews  
  


4.8 out of 5 stars 261 
   


4.8 out of 5 stars 261 
   


4.3 out of 5 stars 34 
   


4.3 out of 5 stars 34 
   


4.8 out of 5 stars 261 
   


4.8 out of 5 stars 261 
   


4.8 out of 5 stars 261 
     
 Price  
  
$17.99$17.99 
  
$18.99$18.99 
  
$12.90$12.90 
  
$12.90$12.90 
  
$20.99$20.99 
  
$16.99$16.99 
  
$20.99$20.99 
    
 Color  
  
                                                Grey    
  
                                                Grey    
  
                                                Black    
  
                                                White    
  
                                                Black    
  
                                                Green    
  
                                                Black/Green/Sand Gold    
    
 External Dimensions  
  
                                                7.87*4.33*2.55 in    
  
                                                9.44*4.92*2.95 in    
  
                                                4.33*2.2*1.77 in    
  
                                                4.33*2.2*1.77 in    
  
                                                8.66*4.45*2.52 in    
  
                                                8.66*4.45*2.52 in    
  
                                                10*5.31*3.15 in    
    
 Weigh  
  
                                                0.38 lb    
  
                                                0.49 lb    
  
                                                0.154 lb    
  
                                                0.154 lb    
  
                                                0.37 lb    
  
                                                0.37 lb    
  
                                                0.66 lb    
    
 Material  
  
                                                EVA    
  
                                                EVA    
  
                                                Silicone    
  
                                                Silicone    
  
                                                EVA    
  
                                                EVA    
  
                                                EVA    
    
 Compatible with  
  
                                                GameSir X2s/X2/X2Pro    
  
                                                GameSir G8    
  
                                                Gamesir G8/G8 Plus    
  
                                                Gamesir G8/G8 Plus    
  
                                                GameSir X5    
  
                                                GameSir X5    
  
                                                Gamesir G8 Plus    
   
 
 

         

          360°All-Round    Aenllosi hard carrying case for gamesir g8 plus bluetooth mobile game controller.The hard case for gamesir g8+ has dustproof, slightly waterproof, and fall resistant features, which can effectively extend the service life of the gamesir controller.","This case for gamesir g8 plus has dustproof, lightly waterproof and anti-drop features that can protect your gamesir g8+ well no matter where you are, extend the life of game sir g8 plus, and you can relax and enjoy your wonderful time.the g8 plus controller carrying case is very suitable to provide travel protection for your game sir g8+. | The smooth zipper makes it easy to access the gamesir g8 plus controller at any time. The upper mesh pocket can hold Data cable and additional accessories,the paste band below can help secure the gamesir g8+ controller well and prevent slipping during transportation. | This travel case for gamesir g8+ controller is made of high quality EVA material, which can effectively protect the g8+ gaming controller from external influences. Equipped with handles on the outside, so it is very convenient to carry when you go out. | This product is specially designed for gamesir g8 plus bluetooth mobile game controller, which can protect gamesir controller effectively. The external size is 9.94*5.26*3.12 in, and the weight is 0.66lb. Small size and light weight make it very convenient for you to carry when you go out. | The product contains only one case and does not contain any gamesir g8 plus game controller or other accessories. If you have any questions, you can contact us for more comprehensive services.",https://m.media-amazon.com/images/I/51Edxr4ErSL.jpg | https://m.media-amazon.com/images/I/41RCEI1mCFL.jpg | https://m.media-amazon.com/images/I/41HeWcGi7FL.jpg | https://m.media-amazon.com/images/I/314cfgTqklL.jpg | https://m.media-amazon.com/images/I/51ANX-nDAQL.jpg | https://m.media-amazon.com/images/I/51JPjz5CSCL.jpg | https://m.media-amazon.com/images/I/515FEfpFD7L.jpg,,,,,,,,,,,B0DCJNDTSQ,,,,,,,,,,,,,,,,,,,,,,,,,,"#12,895 in Cell Phones & Accessories (See Top 100 in Cell Phones & Accessories) #16 in Cell Phone Gaming Controllers",,,,,,,,,,,,,,,,,,,,,,,,,,,,,,,,,,,Zipper,,,,,,,,,,,,,,,,,,,,,,,,,"4.8  4.8 out of 5 stars    
    261 ratings   


 4.8 out of 5 stars",,,"August 8, 2024",,,,,,,,,,,,,,,,,,,,,,,,,,,,,,,,,,,,,,,,,,,,,,,,,,,,,,,,Standard,,,,,,,,,,,,,,,,,,,,,,,,,,,,,,,,,,,,,A14293056,,,,,,,10.2 ounces,,,,,,,,,,,,,,,,,,,,Aenllosi,,,,,,,,,,,,,,,,,,,,,,,,,,,,,,,,,,,,,,,,,,,,,,,,,,,,,,2.0,,,,,,,,,,,,,,,,,,,,,,,,,,,,,,,,,,,,,,,,,,,,,,,,,,,,Zipper Pocket,,,,,,,,,,,10.04 x 5.31 x 3.15 inches; 10.23 ounces,,,,,,,,,,,,,,,,,,,,,,,,,,,,,,,,,,Hard,,,,,,,,,,,,,,,,,,,,,,Gamesir G8 Plus,,,,,,,,,,,,,,,,,,,,,,,,,,,,,,,,,,,,,,,,,,,,,,,,,,,,,,,,,Cell Phones & Accessories,12895.0,"Cell Phone Gaming Controllers       Product Dimensions   10.04 x 5.31 x 3.15 inches; 10.23 ounces     Item model number   A14293056     Item Weight   10.2 ounces     Date First Available   August 8, 2024          Warranty & Support   Product Warranty: For warranty information about this product, please click here      Feedback",16.0,,,"['This case for gamesir g8 plus has dustproof, lightly waterproof and anti-drop features that can protect your gamesir g8+ well no matter where you are, extend the life of game sir g8 plus, and you can relax and enjoy your wonderful time.the g8 plus controller carrying case is very suitable to provide travel protection for your game sir g8+.', 'The smooth zipper makes it easy to access the gamesir g8 plus controller at any time. The upper mesh pocket can hold Data cable and additional accessories,the paste band below can help secure the gamesir g8+ controller well and prevent slipping during transportation.', 'This travel case for gamesir g8+ controller is made of high quality EVA material, which can effectively protect the g8+ gaming controller from external influences. Equipped with handles on the outside, so it is very convenient to carry when you go out.', 'This product is specially designed for gamesir g8 plus bluetooth mobile game controller, which can protect gamesir controller effectively. The external size is 9.94*5.26*3.12 in, and the weight is 0.66lb. Small size and light weight make it very convenient for you to carry when you go out.', 'The product contains only one case and does not contain any gamesir g8 plus game controller or other accessories. If you have any questions, you can contact us for more comprehensive services.']","['https://m.media-amazon.com/images/I/51Edxr4ErSL.jpg', 'https://m.media-amazon.com/images/I/41RCEI1mCFL.jpg', 'https://m.media-amazon.com/images/I/41HeWcGi7FL.jpg', 'https://m.media-amazon.com/images/I/314cfgTqklL.jpg', 'https://m.media-amazon.com/images/I/51ANX-nDAQL.jpg', 'https://m.media-amazon.com/images/I/51JPjz5CSCL.jpg', 'https://m.media-amazon.com/images/I/515FEfpFD7L.jpg']","[{'rank': 12895, 'category': 'Cell Phones & Accessories'}, {'rank': 16, 'category': 'Cell Phone Gaming Controllers       Product Dimensions   10.04 x 5.31 x 3.15 inches; 10.23 ounces     Item model number   A14293056     Item Weight   10.2 ounces     Date First Available   August 8, 2024          Warranty & Support   Product Warranty: For warranty information about this product, please click here      Feedback'}]","{'Shell Type': 'Hard', 'Closure Type': 'Zipper', 'Handle Type': 'Standard', 'Number of Compartments': '2', 'Pocket Description': 'Zipper Pocket', 'Manufacturer': 'Aenllosi', 'Style': 'Gamesir G8 Plus', 'ASIN': 'B0DCJNDTSQ', 'Customer Reviews': '4.8  4.8 out of 5 stars    \n    261 ratings   \n\n\n 4.8 out of 5 stars', 'Best Sellers Rank': '#12,895 in Cell Phones & Accessories (See Top 100 in Cell Phones & Accessories) #16 in Cell Phone Gaming Controllers', 'Product Dimensions': '10.04 x 5.31 x 3.15 inches; 10.23 ounces', 'Item model number': 'A14293056', 'Item Weight': '10.2 ounces', 'Date First Available': 'August 8, 2024'}"
B0DWFL71WQ,"Uinkit Self-Adhesive Laminating Sheets, 4Mil 10 PCS 8.7 x 12.2 Inches Clear Self Sealing Laminating Sheets, Suitable for 8.5x11 inches Letter Size, No Machine Needed",Uinkit,6.39,$6.39,4.6,889.0,In Stock,laminating_supplies_300341,300341,https://www.amazon.com/dp/B0DWFL71WQ,2025-09-13T12:28:11.891694,"From the brand  











 




 Previous page    


 

 Who Are We?   The Uinkit  brand is established by a group of designers and handmade creators.   In order to better share the beauty with people around us, we have been developing various materials for DIY creation to help like-minded people.We divide the materials into finer details, to meet the creative needs of different minority.   In festivals, parties, classrooms, and every beautiful moment, there is a happy atmosphere created by Uinkit Product.  



  



   

   

   

   


 Inkjet Glossy Photo Paper    Visit the Store   



  



   

   

   

   


 Thermal Laminating Sheets    Visit the Store   



  



   

   

   

   


 Transparency Film OHP    Visit the Store   



  



   

   

   

   


 Uinkit other Popular Products    Visit the Store   



 Next page","Universal Size: This pack of 10 self-adhesive laminates is perfect for any occasion. The 8.7x12.2 size with a thickness of 4 mils is suitable for letter size. | Easy to Use: Single side self-adhesive.Peel and stick, no machine needed. Quickly and easily laminate important documents without a laminating machine. Laminate anything you desire in a snap. | Wide Applications: Self-Adhesive Laminating sheets are an ideal solution for a variety of settings, including home and office environments, as well as outdoor promotional events. They are an effective method of protecting and preserving documents, photos, menus, recipe cards, certificates, name tags, artwork, and more. | Premium Quality : High transparency and glossy surface ,brighten up your business card , medicare car or insurance care , pictures,documents or excellent clarity for whatever you laminate.Waterproof self sealing laminating sheets ,Protect your cards,documents even better | 24 Hours a day service. Just go to your order and click 'Get Product Support' if you have any other question later, please don't hesitate to get in touch with us.","https://m.media-amazon.com/images/I/41K4+yrwkpL.jpg | https://m.media-amazon.com/images/I/51bc1ZAcuhL.jpg | https://m.media-amazon.com/images/I/51NzToJrxwL.jpg | https://m.media-amazon.com/images/I/41y4E8DJBfL.jpg | https://m.media-amazon.com/images/I/51S+ZmlclTL.jpg | https://m.media-amazon.com/images/I/516drtTMROL.jpg | https://m.media-amazon.com/images/I/51zk-VjHV1L.SS40_BG85,85,85_BR-120_PKdp-play-icon-overlay__.jpg",,,,,,,,,,,,,,,,,,,,,,,,,,,,,,,,,,,,,,,,,,‎Uinkit,,,,,,,,,,,,,,,,,,,,,,,,,,,,,,,,,,,,,,,,,,,,,,,,,,,,,,,,,,,,,,,,,,,,,,,,,,,,,,,,,,,,,,,,,,,,,,,,,,,,,,,,,,,,,,,,,,,,,,,,,,,,,,,,,,,,,,,,,,,,,,,,,,,,,,,‎UINZNHLP-9X12,,,,,,,‎5 ounces,,,,,,,,,,,,,,,,,,,,‎Uinkit,,‎UINZNHLP-9X12,,,,,,,,,,,,,,,,,,,,,,,,,,,,,,,,,,,,,,,,,,,,,,,,,,,,,,,,,,,,,,,,,,,,,,,,,,,,,,,,,,,,,,,,,,,,,,,,,,,,,,,,,,,,,,,,,,,‎12.2 x 8.7 x 0.01 inches,,,,,,,,,,,,,,,,,,,,,,,,,,,,,,,,,,,,,,"‎8.7 x 12.2""_4 MIL_10 PACK",,,,,,,,,,,,,,,,,,,,,,,,,,,,,,,,,,,,,,,,,,,,,,,,,,,,,,,,,,,,,,,,,,,,,,,,,,,Office Products,5462.0,"Office Laminating Supplies       Date First Available   October 8, 2024",44.0,,,"['Universal Size: This pack of 10 self-adhesive laminates is perfect for any occasion. The 8.7x12.2 size with a thickness of 4 mils is suitable for letter size.', 'Easy to Use: Single side self-adhesive.Peel and stick, no machine needed. Quickly and easily laminate important documents without a laminating machine. Laminate anything you desire in a snap.', 'Wide Applications: Self-Adhesive Laminating sheets are an ideal solution for a variety of settings, including home and office environments, as well as outdoor promotional events. They are an effective method of protecting and preserving documents, photos, menus, recipe cards, certificates, name tags, artwork, and more.', 'Premium Quality : High transparency and glossy surface ,brighten up your business card , medicare car or insurance care , pictures,documents or excellent clarity for whatever you laminate.Waterproof self sealing laminating sheets ,Protect your cards,documents even better', ""24 Hours a day service. Just go to your order and click 'Get Product Support' if you have any other question later, please don't hesitate to get in touch with us.""]","['https://m.media-amazon.com/images/I/41K4+yrwkpL.jpg', 'https://m.media-amazon.com/images/I/51bc1ZAcuhL.jpg', 'https://m.media-amazon.com/images/I/51NzToJrxwL.jpg', 'https://m.media-amazon.com/images/I/41y4E8DJBfL.jpg', 'https://m.media-amazon.com/images/I/51S+ZmlclTL.jpg', 'https://m.media-amazon.com/images/I/516drtTMROL.jpg', 'https://m.media-amazon.com/images/I/51zk-VjHV1L.SS40_BG85,85,85_BR-120_PKdp-play-icon-overlay__.jpg']","[{'rank': 5462, 'category': 'Office Products'}, {'rank': 44, 'category': 'Office Laminating Supplies       Date First Available   October 8, 2024'}]","{'Manufacturer': '\u200eUinkit', 'Brand': '\u200eUinkit', 'Item Weight': '\u200e5 ounces', 'Product Dimensions': '\u200e12.2 x 8.7 x 0.01 inches', 'Item model number': '\u200eUINZNHLP-9X12', 'Size': '\u200e8.7 x 12.2""_4 MIL_10 PACK', 'Manufacturer Part Number': '\u200eUINZNHLP-9X12'}"
B0DT9VWL29,"XINGO 16 Inch Black Large Zip Ties Heavy Duty 100 PCS, 200 LBS Ultra Strong Plastic Wire Ties, Large Cable Ties Extra Long Tie Wraps, Indoor and Outdoor UV Resistant",XINGO,8.99,$8.99,4.7,2889.0,This item cannot be shipped to your selected delivery location. Please choose a different delivery location.,cable_ties_507844,507844,https://www.amazon.com/dp/B0DT9VWL29,2025-09-13T09:11:20.715453,"Product description  






 


   


 


       Width:     0.35 inch/9 mm       Minimum tensile strength：     175LBS       Temperature resistance：     -35℃ to 85℃       Material:     Industrial-Strength Nylon 66 Fireproof Material        


 Product Details  


 
 Thicker Self-Locking Fastener  


 
 Clear Anti-Slip Design  


 
 Smooth Tapered Tall   For Easy Insertation  






 Wide Application  


 



 



 



 






   XINGO Plastic Co.,Ltd. is a professional manufacture which specialized in research、development、production and sale in the field of nylon cable tie, wire connector, cable tie mount, cable clip and wire accessories.   We have advanced manufacturing facilities, perfect quality testing device and wonderful mold production instrument. R&D department is engaged in developing new products as clients special requests. ISO9001-2000, SGS, and CE test report is already obtained.Our company has abundant technical resource and advanced production equipments, so standardization and systematization of producing has already came ture. All the products hold many advantages, such as acidproof, alkaliproof, antiflaming, perdurable, insulating and so on. Scientific and religious attitudes lead us to win popularity and good fame.We have set up complete marketing network and service system, many products have export to southeast Asia, Europe and American, and the market occupancy mount up steadily.","★【Heavy Duty】The strength tensile of a zip tie depends on its width.XINGO Zip Ties with 200 lbs are 0.36 inches / 9mm Wide.which makes the cable tie stronger than the same size cable tie on the market and tensile strength could handles most purpose of binding in life. | ★【Self-Locking Desgin】XINGO Self-Locking Zip Ties adopt humanized anti-return design, the tooth grooves are alternately overlapped to reach the locking position, and the teeth are not returned while fixing the self-locking, which can better fix the thing. | ★【Indoors &Outdoors Use】Industrial-strength nylon 66 fireproof material is used, which can be used in the environment of -35℃ to 85℃, Features strong load ability, anti-aging, anti-acid, anti-corrosion and durability.Ideal for both indoor use, as well as the unique challenges presented by the outdoors. | ★【Wide Application】The wide design makes the large zip ties stronger, whicah makes it can be used in organizing cables, Securing a bike, Gardening, Replacing broken straps, Locking suitcase as well as most outdoor commercial construction work and Industrial bundling use. | ★【Quality Services】If You have any dissatisfaction with the product, We offer a 30-day refund/return policy. What XINGO provide is not only good products, but also quality services. Try it, completely risk-free! Hurry up and click to add to the shopping cart!",https://m.media-amazon.com/images/I/41iJkObsxUL.jpg | https://m.media-amazon.com/images/I/41AcFZM9caL.jpg | https://m.media-amazon.com/images/I/41tWffOjKCL.jpg | https://m.media-amazon.com/images/I/41FEPkzrzuL.jpg | https://m.media-amazon.com/images/I/41+mkSBHprL.jpg | https://m.media-amazon.com/images/I/51ODAzr8HML.jpg,,,,,,,,,,,,,,,,,,,,,,,,,,,,,‎No,,‎No,,,,,,,,,,,‎XINGO,,,,,,,,,,,,,,,,,,,,,,,,,,,,,,,‎Black,,,,,,,,,,,,,,,,,,,,,,,,,,,,,,,,,,,,,,,,,,,,,,,,,,,,,,,,,,,,,,,,,,,,,,,,,,,,,,,,,,,,,,,,,,,,,,‎NO,,,,,,,,,,,,,,,,,,,,,,,,,‎16 Inches,‎NO,,,,,,,‎1.26 pounds,,,,,,,,,,,,,,,,,,,,‎XINGO,,,,,"‎Nylon, Plastic",,,,,,,,,,,‎0.36 Inches,,,,,,,,,,,,,,,,,,,,,,,,,,,,,,,,,,,,,,,,,,,,,,‎100,,,,,,,,,,,,,,,,,,,,,,,,,,,,,,,,,,,,,,‎NO,,,,,,,,,,‎NO,,,,,,,,,,,,,,,,,,,,,,,,,,,,,,,,,,,,,,,,,,,,,‎16 inch(200lb),,,,,,,,,,,,,,,,,,‎Zip,,,,,,,,,,,,,,,,,‎200 Pounds,,,,,,,,,,,,,,,,,,,,,,,,,,,,,,,,,,,,,,,,Electronics,1183.0,"Electrical Cable Ties       Date First Available   March 31, 2022",45.0,,,"['★【Heavy Duty】The strength tensile of a zip tie depends on its width.XINGO Zip Ties with 200 lbs are 0.36 inches / 9mm Wide.which makes the cable tie stronger than the same size cable tie on the market and tensile strength could handles most purpose of binding in life.', '★【Self-Locking Desgin】XINGO Self-Locking Zip Ties adopt humanized anti-return design, the tooth grooves are alternately overlapped to reach the locking position, and the teeth are not returned while fixing the self-locking, which can better fix the thing.', '★【Indoors &Outdoors Use】Industrial-strength nylon 66 fireproof material is used, which can be used in the environment of -35℃ to 85℃, Features strong load ability, anti-aging, anti-acid, anti-corrosion and durability.Ideal for both indoor use, as well as the unique challenges presented by the outdoors.', '★【Wide Application】The wide design makes the large zip ties stronger, whicah makes it can be used in organizing cables, Securing a bike, Gardening, Replacing broken straps, Locking suitcase as well as most outdoor commercial construction work and Industrial bundling use.', '★【Quality Services】If You have any dissatisfaction with the product, We offer a 30-day refund/return policy. What XINGO provide is not only good products, but also quality services. Try it, completely risk-free! Hurry up and click to add to the shopping cart!']","['https://m.media-amazon.com/images/I/41iJkObsxUL.jpg', 'https://m.media-amazon.com/images/I/41AcFZM9caL.jpg', 'https://m.media-amazon.com/images/I/41tWffOjKCL.jpg', 'https://m.media-amazon.com/images/I/41FEPkzrzuL.jpg', 'https://m.media-amazon.com/images/I/41+mkSBHprL.jpg', 'https://m.media-amazon.com/images/I/51ODAzr8HML.jpg']","[{'rank': 1183, 'category': 'Electronics'}, {'rank': 45, 'category': 'Electrical Cable Ties       Date First Available   March 31, 2022'}]","{'Material': '\u200eNylon, Plastic', 'Color': '\u200eBlack', 'Brand': '\u200eXINGO', 'Item Length': '\u200e16 Inches', 'Style': '\u200eZip', 'Maximum Diameter': '\u200e0.36 Inches', 'Number of Pieces': '\u200e100', 'Tensile Strength': '\u200e200 Pounds', 'Manufacturer': '\u200eXINGO', 'Part Number': '\u200eNO', 'Item Weight': '\u200e1.26 pounds', 'Item model number': '\u200eNO', 'Size': '\u200e16 inch(200lb)', 'Power Source': '\u200eNO', 'Included Components': '\u200eNO', 'Batteries Included?': '\u200eNo', 'Batteries Required?': '\u200eNo'}"
B0D7W7893G,"25 Pcs Silicone Cable Ties, Reusable Cable Straps Wire Organizer, Cable Management Cord Organizer for Fastening Earphone Phone Charger Home Office Desk Kitchen Appliances Cable Cords Wires",RUGLAMZHIP,6.28,$6.28,4.7,337.0,In Stock,cable_straps_6577540011,6577540011,https://www.amazon.com/dp/B0D7W7893G,2025-09-13T08:56:20.880349,"Product description  





 






 


 Product information:      - Product Name: Silicone Cable Ties     - Material: TPR     - Color: White, Grey, Pink, Light Green, Black     - Size: 10.5*1.2*0.8 cm/4.13*0.47*0.3 inch     25 x Reusable Cable Management Organizer(5 Pcs for Each Color)     


 Rubber Cable Ties Straps 25pcs：   Silicone cable clips adopt a humanized round hole design, which can not only adapt to various thick or thin wires, but also fix the sliding of the cable tie.   Reusable cable ties are made of soft and elastic TPR material, which can protect the cable from being squeezed and fix the cable better.","Exquisite Material: These reusable wire ties are made of high-quality TPR material, soft, elastic, flexible, strong toughness, not easy to break or deform, reusable, easy to clean, wear-resistant, will not fade, durable and can last for a long time time use. | Round Hole Design: Our cable organizer clips are designed with a round hole on the top, which can be used to place wires of various thicknesses, easy to wrap cables, and the button design helps you open and close easily and quickly, and it is not easy to fall off after being fixed. | Well-organized Design: Th silicone cable ties reusable can hang the bundled wires to save space, help you neatly organize cables in the kitchen, office, around the table, improve safety, and create a beautiful and tidy living environment. | Wide Range of Applications: The silicone cable organizer is suitable for organizing headphone cables, mouse cables, data cables, TV cables, USB cables, audio cables, network cables, charging cables, etc. Can also be used to seal grocery bags, tie curtains, secure umbrellas, and more. Suitable for home, work, travel, etc. | Package Includes: You will receive 25 pcs x silicone cord ties, in 5 colors of:white, grey, pink, light green, black, 5 pcs for each color,in the size of 10.5*1.2*0.8 cm/4.13*0.47*0.3 inch. The size is small and light, the color is fashionable and bright, and it is designed for perfect fit and use, bringing you a comfortable use experience.",https://m.media-amazon.com/images/I/51trzoSqYeL.jpg | https://m.media-amazon.com/images/I/41-zab13ZnL.jpg | https://m.media-amazon.com/images/I/51uakT56KwL.jpg | https://m.media-amazon.com/images/I/51G1o-HngjL.jpg | https://m.media-amazon.com/images/I/61U-TPJBNSL.jpg | https://m.media-amazon.com/images/I/61Uocu6utgL.jpg | https://m.media-amazon.com/images/I/61gzTI6wEYL.jpg,,,,,,,,,,,,,,,,,,,,,,,,,,,,,‎No,,‎No,,,,,,,,,,,‎RUGLAMZHIP,,,,,,,,,,,,,,,,,,,,,,,,,,,,,,,‎A-25pcs 5 Colors,,,,,,,,,,,,,,,,,,,,,,,,,,,,,,,,,,,,,,,,,,,,,,,,,,,,,,,,,,,,,,,,,,,,,,,,,,,,,,,,,,,,,,,,,,,,,,,,,,,,,,,,,,,,,,,,,,,,,,,‎4.2 Inches,‎10D-021-MZX-US,,,‎1,,,,‎2.89 ounces,,,,,,,,,,,,,,,,,,,,‎RUGLAMZHIP,,,,,‎Silicone,,,,,,,,,,,‎1.2 Centimeters,,,,,,,,,,,,,,,,,,,,,,,,,,,,,,,,,,,,,,,,,,,,,,‎50,,,,,,,,,,,,,,,,,,,,,,,,,,,,,,,,,,,,,,‎10D-021-MZX-US,,,,,,,,,,‎NO,,,,,,,,,,,,,,,,,,,,,,,,,,,,,,,,,,,,,,,,,,,,,,,,,,,,,,,,,,,,,,,‎Reusable silicone cable ties with round hole and button closure,,,,,,,,,,,,,,,,,,,,,,,,,,,,,,,,,,,,,,,,,,,,,,,,,,,,,,,,,Electronics,2055.0,"Cable Straps       Date First Available   July 27, 2023",17.0,,,"['Exquisite Material: These reusable wire ties are made of high-quality TPR material, soft, elastic, flexible, strong toughness, not easy to break or deform, reusable, easy to clean, wear-resistant, will not fade, durable and can last for a long time time use.', 'Round Hole Design: Our cable organizer clips are designed with a round hole on the top, which can be used to place wires of various thicknesses, easy to wrap cables, and the button design helps you open and close easily and quickly, and it is not easy to fall off after being fixed.', 'Well-organized Design: Th silicone cable ties reusable can hang the bundled wires to save space, help you neatly organize cables in the kitchen, office, around the table, improve safety, and create a beautiful and tidy living environment.', 'Wide Range of Applications: The silicone cable organizer is suitable for organizing headphone cables, mouse cables, data cables, TV cables, USB cables, audio cables, network cables, charging cables, etc. Can also be used to seal grocery bags, tie curtains, secure umbrellas, and more. Suitable for home, work, travel, etc.', 'Package Includes: You will receive 25 pcs x silicone cord ties, in 5 colors of:white, grey, pink, light green, black, 5 pcs for each color,in the size of 10.5*1.2*0.8 cm/4.13*0.47*0.3 inch. The size is small and light, the color is fashionable and bright, and it is designed for perfect fit and use, bringing you a comfortable use experience.']","['https://m.media-amazon.com/images/I/51trzoSqYeL.jpg', 'https://m.media-amazon.com/images/I/41-zab13ZnL.jpg', 'https://m.media-amazon.com/images/I/51uakT56KwL.jpg', 'https://m.media-amazon.com/images/I/51G1o-HngjL.jpg', 'https://m.media-amazon.com/images/I/61U-TPJBNSL.jpg', 'https://m.media-amazon.com/images/I/61Uocu6utgL.jpg', 'https://m.media-amazon.com/images/I/61gzTI6wEYL.jpg']","[{'rank': 2055, 'category': 'Electronics'}, {'rank': 17, 'category': 'Cable Straps       Date First Available   July 27, 2023'}]","{'Material': '\u200eSilicone', 'Color': '\u200eA-25pcs 5 Colors', 'Brand': '\u200eRUGLAMZHIP', 'Item Length': '\u200e4.2 Inches', 'Style': '\u200eReusable silicone cable ties with round hole and button closure', 'Maximum Diameter': '\u200e1.2 Centimeters', 'Number of Pieces': '\u200e50', 'Manufacturer': '\u200eRUGLAMZHIP', 'Part Number': '\u200e10D-021-MZX-US', 'Item Weight': '\u200e2.89 ounces', 'Item model number': '\u200e10D-021-MZX-US', 'Power Source': '\u200eNO', 'Item Package Quantity': '\u200e1', 'Batteries Included?': '\u200eNo', 'Batteries Required?': '\u200eNo'}"
B0DY1MY3WD,"50 Pcs Webcam Cover Slide, 0.023 Inch Ultra-Thin Universal Laptop Camera Cover Slide Webcam Cover for Laptop, Computer(Black)",JJUNW,5.79,$5.79,4.1,28.0,In Stock,camera_privacy_covers_21103668011,21103668011,https://www.amazon.com/dp/B0DY1MY3WD,2025-09-13T01:24:24.707351,"Product name: lens privacy coverMaterial: absColor: blackGross weight: 10Product size: see the list picturePacking list: 50pcs black camera coverEnhance your privacy and security with the Universal Laptop Camera Cover Slide – a must-have accessory for anyone concerned about their online safety. This webcam cover for laptop, computer, and offers robust protection against unauthorized access to your camera, ensuring your personal moments remain private.The easy-slide mechanism makes it incredibly convenient to cover or uncover your webcam as needed, providing peace of mind whenever you're not actively using your camera. With its versatile compatibility, this camera cover slide fits a wide array of devices, making it an essential tool for protecting your privacy across multiple platforms.","【Privacy Protection】This webcam cover slide ensures your privacy by providing a simple yet effective way to block your laptop camera when not in use. Keep prying eyes away and protect your personal information. | 【Easy-Slide Mechanism】Designed with an easy-slide feature, this computer camera cover allows you to quickly and effortlessly cover or uncover your webcam. The smooth operation ensures you can switch between privacy and functionality with ease. | 【Versatile Compatibility】Compatible with a wide range of devices including laptops, computers, and even phones, this webcam cover slide fits most standard camera sizes, offering universal protection across multiple devices. | 【Durable Construction】Made from high-quality materials, this laptop camera cover is built to last. It withstands daily use while maintaining its integrity, ensuring long-lasting performance and reliability. | 【Discreet and Sleek Design】The sleek and minimalist design of this webcam cover blends seamlessly with your device, adding an extra layer of security without compromising on aesthetics. Stay secure and stylish at the same time.",https://m.media-amazon.com/images/I/51VJSGBdjnL.jpg | https://m.media-amazon.com/images/I/51jJP57IL-L.jpg | https://m.media-amazon.com/images/I/51t44+lUQPL.jpg | https://m.media-amazon.com/images/I/51TX8Zs2fXL.jpg | https://m.media-amazon.com/images/I/41N8RK9xjPL.jpg | https://m.media-amazon.com/images/I/41xweZKcXXL.jpg | https://m.media-amazon.com/images/I/51eHulwq+yL.jpg,,,,,,,,,,,B0DY1MY3WD,,,,,,,,,,,,,,,,,,,,,,,,,,#57 in Camera Privacy Covers,,,,,,,,,,,,,,,,,,,,,,,,,,,,,,,,,,,,,,,,,,,,,,,,,,,,,,,,,,,,"4.1  4.1 out of 5 stars    
    28 ratings   


 4.1 out of 5 stars",,,"March 18, 2025",,,,,,,,,,,,,,,,,,,,,,,,,,,,,,,,,,,,,,,,,,,,,,,,,,,,,,,,,,,,,,,,,,,,,,,,,,,,,,,,,,,,,,,,,,,,,655446_1_1pyXdAtmQ,,,,,,,0.317 ounces,,,,,,,,,,,,,,,,,,,,JJUNW,,,,,,,,,,,,,,,,,,,,,,,,,,,,,,,,,,,,,,,,,,,,,,,,,,,,,,,,,,,,,,,,,,,,,,,,,,,,,,,,,,,,,,,,,,,,,,,,,,,,,,,,,,,,,,,,,,,,,7.87 x 4.72 x 0.2 inches,,,,,,,,,,,,,,,,,,,,,,,,,,,,,,,,,,,,,,,,,,,,,,,,,,,,,,,,,,,,,,,,,,,,,,,,,,,,,,,,,,,,,,,,,,,,,,,,,,,,,,,,,,,,,,,,,"Camera Privacy Covers       Date First Available   March 18, 2025          Warranty & Support   Product Warranty: For warranty information about this product, please click here      Feedback",57.0,,,,,"['【Privacy Protection】This webcam cover slide ensures your privacy by providing a simple yet effective way to block your laptop camera when not in use. Keep prying eyes away and protect your personal information.', '【Easy-Slide Mechanism】Designed with an easy-slide feature, this computer camera cover allows you to quickly and effortlessly cover or uncover your webcam. The smooth operation ensures you can switch between privacy and functionality with ease.', '【Versatile Compatibility】Compatible with a wide range of devices including laptops, computers, and even phones, this webcam cover slide fits most standard camera sizes, offering universal protection across multiple devices.', '【Durable Construction】Made from high-quality materials, this laptop camera cover is built to last. It withstands daily use while maintaining its integrity, ensuring long-lasting performance and reliability.', '【Discreet and Sleek Design】The sleek and minimalist design of this webcam cover blends seamlessly with your device, adding an extra layer of security without compromising on aesthetics. Stay secure and stylish at the same time.']","['https://m.media-amazon.com/images/I/51VJSGBdjnL.jpg', 'https://m.media-amazon.com/images/I/51jJP57IL-L.jpg', 'https://m.media-amazon.com/images/I/51t44+lUQPL.jpg', 'https://m.media-amazon.com/images/I/51TX8Zs2fXL.jpg', 'https://m.media-amazon.com/images/I/41N8RK9xjPL.jpg', 'https://m.media-amazon.com/images/I/41xweZKcXXL.jpg', 'https://m.media-amazon.com/images/I/51eHulwq+yL.jpg']","[{'rank': 57, 'category': 'Camera Privacy Covers       Date First Available   March 18, 2025          Warranty & Support   Product Warranty: For warranty information about this product, please click here      Feedback'}]","{'Product Dimensions': '7.87 x 4.72 x 0.2 inches', 'Item Weight': '0.317 ounces', 'Manufacturer': 'JJUNW', 'ASIN': 'B0DY1MY3WD', 'Item model number': '655446_1_1pyXdAtmQ', 'Customer Reviews': '4.1  4.1 out of 5 stars    \n    28 ratings   \n\n\n 4.1 out of 5 stars', 'Best Sellers Rank': '#57 in Camera Privacy Covers', 'Date First Available': 'March 18, 2025'}"
B00DA38C3G,Pixel e-TTL Flash Hot Shoe Adapter with Extra PC Sync Port for Canon DSLRs and Flashguns,PIXEL,21.99,$21.99,4.1,776.0,In Stock,flash_accessories_3346401,3346401,https://www.amazon.com/dp/B00DA38C3G,2025-09-12T21:09:06.612610,"Product description  





   Kind reminder: Not compatible with Canon R50/200D, thank you.      Kind reminder: Not compatible with Canon R50/200D, thank you.   flash hot shoe adapter enables you to trigger a flash attached on top of the adapter hot shoe as well as triggering another flash connected via the PC sync lead. The accessories of the hot shoe can achieve all functions of the Canon camera in addition to the e-TTL of the flashgun. It fits all Standard ISO 518-2006 hot shoe flashgun including the 580EX, 580EX II, 550EX, 430EX, 430EX II etc. It has a PC sync socket so you can connect an additional studio light or flash via a PC sync cable.  



     



     






 
   Mainly used for PC port output connection flash  


 
 Flash PC interface  


 
 Camera set-top hot shoe PC port output",This adapter enables you to trigger flash attached on top of the adatper hot shoe as well as other flash connected via PC sync lead. | It fits all Standard ISO 518-2006 hot shoe flashgun. | It has a PC sync socket so you can connect an additional studio light or flash via a PC sync cable. | It supports all function of Canon e-TTL flashgun.,"https://m.media-amazon.com/images/I/41h8TMoH2qL.jpg | https://m.media-amazon.com/images/I/51jskVTwFdL.jpg | https://m.media-amazon.com/images/I/31tebgF8XwL.jpg | https://m.media-amazon.com/images/I/41T0yeeoPFL.jpg | https://m.media-amazon.com/images/I/510ph-dVNDL.jpg | https://m.media-amazon.com/images/I/41zWc44-JEL.jpg | https://m.media-amazon.com/images/I/61llor+a16L.SS40_BG85,85,85_BR-120_PKdp-play-icon-overlay__.jpg",,,,,,,,,,,B00554PCDG,,,,,,,,,,,,,,,,,,,,,,,,,,#33 in Camera Flash Shoe Mounts,,,,,,,,,,,,,,,,,,,,,,,,,,,,,,,,,,,,,,,,,,,,,,,,,,,,,,,,,,,,"4.1  4.1 out of 5 stars    
    776 ratings   


 4.1 out of 5 stars",,,"June 28, 2017",,,,,,,,,,,,,,,,,,,,,,,,,,,,,,,,,,,,,,,,,,,,,,,"00689061593166, 04895152301916",,,,,,,,,,,,,,,,,,,,,,,,,,,,,,,,,,No,,,,,,,,,,,,TF-321,,,,,,,0.64 ounces,,,,,,,,,,,,,,,,,,,,Pixel,,,,,,,,,,,,,,,,,,,,,,,,,,,,,,,,,,,,,,,,,,,,,,,,,,,,,,,,,,,,,,,,,,,,,,,,,,,,,,,,,,,,,,,,,,,,,,,,,,,,,,,,,,,,,,,,,,,,,2.36 x 1.57 x 2.56 inches,,,,,,,,,,,,,,,,,,,,,,,,,,,,,,,,,,,,,,,,,,,,,,,,,,,,,,,,,,,,,,,,,,,,,,,,,,,,,,,,,,,,,,621033355402 654910111587 689061593166 769700166828 701485206108 603470296715 738470210895 519890692412,,,,,,,,,,,,,,,,,,,,,,,,,,,"Camera Flash Shoe Mounts       Is Discontinued By Manufacturer   No     Date First Available   June 28, 2017          Warranty & Support   Product Warranty: For warranty information about this product, please click here      Feedback",33.0,,,,,"['This adapter enables you to trigger flash attached on top of the adatper hot shoe as well as other flash connected via PC sync lead.', 'It fits all Standard ISO 518-2006 hot shoe flashgun.', 'It has a PC sync socket so you can connect an additional studio light or flash via a PC sync cable.', 'It supports all function of Canon e-TTL flashgun.']","['https://m.media-amazon.com/images/I/41h8TMoH2qL.jpg', 'https://m.media-amazon.com/images/I/51jskVTwFdL.jpg', 'https://m.media-amazon.com/images/I/31tebgF8XwL.jpg', 'https://m.media-amazon.com/images/I/41T0yeeoPFL.jpg', 'https://m.media-amazon.com/images/I/510ph-dVNDL.jpg', 'https://m.media-amazon.com/images/I/41zWc44-JEL.jpg', 'https://m.media-amazon.com/images/I/61llor+a16L.SS40_BG85,85,85_BR-120_PKdp-play-icon-overlay__.jpg']","[{'rank': 33, 'category': 'Camera Flash Shoe Mounts       Is Discontinued By Manufacturer   No     Date First Available   June 28, 2017          Warranty & Support   Product Warranty: For warranty information about this product, please click here      Feedback'}]","{'Manufacturer': 'Pixel', 'UPC': '621033355402 654910111587 689061593166 769700166828 701485206108 603470296715 738470210895 519890692412', 'Global Trade Identification Number': '00689061593166, 04895152301916', 'Product Dimensions': '2.36 x 1.57 x 2.56 inches', 'Item Weight': '0.64 ounces', 'ASIN': 'B00554PCDG', 'Item model number': 'TF-321', 'Customer Reviews': '4.1  4.1 out of 5 stars    \n    776 ratings   \n\n\n 4.1 out of 5 stars', 'Best Sellers Rank': '#33 in Camera Flash Shoe Mounts', 'Is Discontinued By Manufacturer': 'No', 'Date First Available': 'June 28, 2017'}"
B0F2122TRK,QDiShi 10 Pcs Radar Detectors Suction Cups for Clear Cobra Escort and Beltronics Radar Detector Mount,QDiShi,5.98,$5.98,4.3,511.0,In Stock,radar_detectors_172529,172529,https://www.amazon.com/dp/B0F2122TRK,2025-09-13T15:14:49.070000,"High Quality Radar Detectors Suction CupsCompatibility: Beltronics, Escort: Workswith: Redline, STi Magnum, STi Driver, GX65, RX65, RX55, Vector 995, Vector965, Vector 955, Newer Vector 940, Vector 895, Pro 100, Pro 200, Pro 300, Pro500 & Express 795, Passport 9500ix, Passport 9500i, Passport 8500x50, SoloS2, Solo S3, Solo RD-5110, Solo 4, Solo 5, Passport 7500S, Passport 8500,Passport 7500, 6800, 5000, 4600, 4500, and 4200. COBRA: SSR-50, SSR-80, ESD-7100, ESD-7330,ESD-8200, ESD-9000, ESD-9290, ESD-767, ESD-777, XRS-747, XRS-757, XRS-777,XRS-888, XRS-950, XRS-970, XRS-9840, XRS-9845, XRS-9300, XRS-9330, XRS-9340,XRS-9345, XRS-9370, XRS-9400, XRS-9430, XRS-9440, XRS-9445, XRS-9470, XRS-9500,XRS-9530, XRS-9540, XRS-9545, XRS-9550G, XRS-9570, XRS-9600, XRS-9630,XRS-9640, XRS-9645, XRS 9965, XRS-9670, XRS-9690, XRS-9700, XRS-9730, XRS-9740,XRS-9745, XRS-9775, XRS-9830, XRS-9840, XRS-9845, XRS-9880, XRS-9930, XRS-9940,XRS-9945, XRS-9950, XRS-9955, XRS-9960G, XRS-9965, XRS-9970G, PRO-9780,XRS-9985, iRAD 100, iRad 200, iRAD 900, SPX-5500, SPX-7800BT","Suction cups fit all Cobra, Escort and Beltronics Radar Detector mounting brackets suction cups. | Suction cups are slightly larger than Original Manufacture and stick great! | Size: Suction cup diameter 30mm | Customer satisfaction guarantee: If you don't like these suction cups, we will refund your money with no questions asked.",https://m.media-amazon.com/images/I/41ujP2X4OIL.jpg | https://m.media-amazon.com/images/I/41LogH5NuQL.jpg | https://m.media-amazon.com/images/I/41hzPPrDGXL.jpg | https://m.media-amazon.com/images/I/41xNVEkYlgL.jpg | https://m.media-amazon.com/images/I/21JRT6sNBlL.jpg,,,,,,,,,,,B08L7J3PPB,,,,,,,,,,,,,,,,,,,,,,,,,,#56 in Radar Detectors,,,,,,,,,,,,,,,,,,,,,,,,,,,,,,,,,,,,Clear,,,,,,,,,,,,,,,,,,,,,,,,"4.3  4.3 out of 5 stars    
    511 ratings   


 4.3 out of 5 stars",,,"October 15, 2020",,,,,,,,,,,,,,,,,,,,,,,,,,,,,,,,,,,,,,,,,,,,,,,,,,,,,,,,,,,,,,,,,,,,,,,,,,,,,,,,,,,,,,,,,,,,,750139646074,,,,,,,0.811 ounces,,,,,,,,,,,,,,,,,,,,QDiShi,,,,,,,,,,,,,,,,,,,,,,,,,,,,,,,,,,,,,,,,,,,,,,,,,,,,,,,,,,,,,,,,,,,,,,,,,,,,,,,,,Automotive Parts and Accessories,,,,,,,,,5.1 x 2.8 x 0.7 inches,,,,,,,,,,,,,,,,,,,,,,,,,,,,,,,,,,,,,,,,,,,,,,,,,,,,,,,,,,,,,,,,,,,,,,,Hand Free,,,,,,,,,,,,,,,,,,,,,,,,,,,,,,,,,,,,,,,,,,,,,,,,,,,,,,,,,,,,,,,,,,,,,"Radar Detectors        Special features    Hand Free      Other display features    Automotive Parts and Accessories     Color   Clear     Manufacturer   QDiShi     Date First Available   October 15, 2020          Warranty & Support   Product Warranty: For warranty information about this product, please click here      Feedback",56.0,,,,,"['Suction cups fit all Cobra, Escort and Beltronics Radar Detector mounting brackets suction cups.', 'Suction cups are slightly larger than Original Manufacture and stick great!', 'Size: Suction cup diameter 30mm', ""Customer satisfaction guarantee: If you don't like these suction cups, we will refund your money with no questions asked.""]","['https://m.media-amazon.com/images/I/41ujP2X4OIL.jpg', 'https://m.media-amazon.com/images/I/41LogH5NuQL.jpg', 'https://m.media-amazon.com/images/I/41hzPPrDGXL.jpg', 'https://m.media-amazon.com/images/I/41xNVEkYlgL.jpg', 'https://m.media-amazon.com/images/I/21JRT6sNBlL.jpg']","[{'rank': 56, 'category': 'Radar Detectors        Special features    Hand Free      Other display features    Automotive Parts and Accessories     Color   Clear     Manufacturer   QDiShi     Date First Available   October 15, 2020          Warranty & Support   Product Warranty: For warranty information about this product, please click here      Feedback'}]","{'Package Dimensions': '5.1 x 2.8 x 0.7 inches', 'Item Weight': '0.811 ounces', 'ASIN': 'B08L7J3PPB', 'Item model number': '750139646074', 'Customer Reviews': '4.3  4.3 out of 5 stars    \n    511 ratings   \n\n\n 4.3 out of 5 stars', 'Best Sellers Rank': '#56 in Radar Detectors', 'Special features': 'Hand Free', 'Other display features': 'Automotive Parts and Accessories', 'Color': 'Clear', 'Manufacturer': 'QDiShi', 'Date First Available': 'October 15, 2020'}"
B0C9ZRLFKQ,"40FT 0 Gauge Wire Copper Clad Aluminum,1/0 Battery Cable,20pcs Lugs Terminal Connectors with 3:1Heat Shrink Tube for Amp,Inverter,Winch,Reducer,Starter,Solar Power,DC Wiring",Ruikarhop,59.99,$59.99,4.5,222.0,In Stock,car_electronics_12954881,12954881,https://www.amazon.com/dp/B0C9ZRLFKQ,2025-09-13T08:07:19.243904,"From the brand  











 




 Previous page  


 

 Hello , I'm Ruikarhop, We committed to providing you with safe, reliable and efficient power transmission solutions. Since its establishment in 2014, we have been adhering to the business philosophy of ""quality first, customer first"", and constantly pursuing technological innovation and product upgrading.  



 



   

   

   

   


 1/0 Gauge Wire  



 



   

   

   

   


 4 Gauge Power Wire  



 



   

   

   

   


 8 Gauge Wire,10 Gauge Wire  



 



 How did we get our start?    Since its establishment in 2014, we have been adhering to the business philosophy of ""quality first, customer first"", and constantly pursuing technological innovation and product upgrading.  

 Why do we love what we do?   Our work dovetails with our interests, so we tend to be more engaged and enjoy our work. Completing a project or solving a puzzle can give us a great sense of satisfaction and accomplishment.  

 What problem are we solving?   Every product is subjected to rigorous quality control and testing to ensure they perform well in a variety of driving conditions.   




Next page","Copper Clad Aluminum (CCA),both performance and economy,good actual performance can also provide an affordable price.Good choice of Cable.Premium Power/Ground Wire. | 0 Gauge CCA Cable,Flexible PVC Jacket,Loads of 250A,Length:Red &Black each 20ft. | Complimentary some suitable size lug terminals and 3:1 heat shrink tubes guarantee a good user experience. No additional purchase required. | Rugged pvc sheath, best for indoor use, but with flexibility, elasticity and impact resistance,and great polarity identification. | Wide range of applications:as power wire, ground wire, trolling motor wire, automotive wire, speaker wire, car radio wire, amp wire, electrical wire.",https://m.media-amazon.com/images/I/51NZLuWu8fL.jpg | https://m.media-amazon.com/images/I/510bdWqMUxL.jpg | https://m.media-amazon.com/images/I/51uHsCsZNwL.jpg | https://m.media-amazon.com/images/I/51HHXAfZxBL.jpg | https://m.media-amazon.com/images/I/512KKT+6zhL.jpg | https://m.media-amazon.com/images/I/41EpKV+yBmL.jpg | https://m.media-amazon.com/images/I/51iMuIABuzL.jpg,,,,,,,,,,,,"‎
                                         B0C9ZRLFKQ",,,,,,,,,,,,,,,,,,,,,,,,,#6 in Car Amplifier Power & Ground Cable,,,,,,,,,,,,,,,,,,,,,,,,,,,,,,,,,,,,,,,,,,,,,,,,,,,,,,,,,,,,"4.5  4.5 out of 5 stars    
    222 ratings",,,,"‎
                                         July 7, 2023",,,,,,,,,,,,,,,,,,,,,,,,,,,,,,,,,,,,,,,,,,,,,,,,,,,,,,,,,,,,,,,,,,,,,,,,,,,,,,,,,,,,,,,,,,,,,,,,,,,,,,,,,,,,,,,,,,,,,,,,"‎
                                         Ruikarhop",,,,,,,,,,,,,,,,,,,,,,,,,,,,,,,,,,,,,,,,,,,,,,,,,,,,,,,,,,,,,,,,,,,,,,,,,,,,,,,,,,,,,,,,,,"‎
                                         9.17 x 8.82 x 6.26 inches; 6.57 Pounds",,,,,,,,,,,,,,,,,,,,,,,,,,,,,,,,,,,,,,,,,,,,,,,,,,,,,,,,,,,,,,,,,,,,,,,,,,,,,,,,,,,,,,,,,,,,,,,,,,,,,,,,,,,,,,,,,,,,,,,,,,,,,,,,,,,,,,,,,,,Car Amplifier Power & Ground Cable,6.0,,,,,"['Copper Clad Aluminum (CCA),both performance and economy,good actual performance can also provide an affordable price.Good choice of Cable.Premium Power/Ground Wire.', '0 Gauge CCA Cable,Flexible PVC Jacket,Loads of 250A,Length:Red &Black each 20ft.', 'Complimentary some suitable size lug terminals and 3:1 heat shrink tubes guarantee a good user experience. No additional purchase required.', 'Rugged pvc sheath, best for indoor use, but with flexibility, elasticity and impact resistance,and great polarity identification.', 'Wide range of applications:as power wire, ground wire, trolling motor wire, automotive wire, speaker wire, car radio wire, amp wire, electrical wire.']","['https://m.media-amazon.com/images/I/51NZLuWu8fL.jpg', 'https://m.media-amazon.com/images/I/510bdWqMUxL.jpg', 'https://m.media-amazon.com/images/I/51uHsCsZNwL.jpg', 'https://m.media-amazon.com/images/I/51HHXAfZxBL.jpg', 'https://m.media-amazon.com/images/I/512KKT+6zhL.jpg', 'https://m.media-amazon.com/images/I/41EpKV+yBmL.jpg', 'https://m.media-amazon.com/images/I/51iMuIABuzL.jpg']","[{'rank': 6, 'category': 'Car Amplifier Power & Ground Cable'}]","{'Package Dimensions\n                                            \u200f': '\u200e\n                                         9.17 x 8.82 x 6.26 inches; 6.57 Pounds', 'Date First Available\n                                            \u200f': '\u200e\n                                         July 7, 2023', 'Manufacturer\n                                            \u200f': '\u200e\n                                         Ruikarhop', 'ASIN\n                                            \u200f': '\u200e\n                                         B0C9ZRLFKQ', 'Best Sellers Rank': '#6 in Car Amplifier Power & Ground Cable', 'Customer Reviews': '4.5  4.5 out of 5 stars    \n    222 ratings'}"
B0F6CX5LYR,"100pcs Cable Zip Ties Heavy Duty 12 Inch, Premium Plastic Wire Ties with 50 Pounds Tensile Strength, Self-Locking Black Nylon Zip Ties for Indoor and Outdoor",HMROPE,7.99,$7.99,4.3,9986.0,This item cannot be shipped to your selected delivery location. Please choose a different delivery location.,cable_ties_507844,507844,https://www.amazon.com/dp/B0F6CX5LYR,2025-09-13T09:15:02.300231,"Product description  





  Hmrope brand focus on Zip Ties products ! We committed to provide the best products to all our dear customers forever and ever!   Super Quality Material   Plastic ties made of strong and flexible nylon. Our large zip ties will be able to tackle tough outdoor task.   High Tensile Strength   Ultra heavy duty cable tie with 50 lbs. tensile strength handles your toughest jobs.   Self-locking Design   With cable zip, cables can be tied tightly. Wire ties designed with rounded edges for easy handling and to prevent snagging.   Package Includes   100PCS Nylon cable ties 12 Inch/300mm with Black color.","【Heavy Duty】 : Strength tensile is decided by width-- Hmrope wire ties 0.14inch / 3.5mm wider make the zip ties stronger than the normal for more projects. | 【Premium Quality Material】 : Plastic ties made of industrial strength nylon 6/6 material, and can be used in temperatures ranges from 040F to +185F (440C to +85C), weather resistant and outdoor in direct sunlight application is not an issue. | 【Self-Locking】 : Zip ties 12 inch with self-locking Fastener Design, strong resilient powerful lock, easy handling and prevent snagging in tight. | 【Details】 : 100-PACK of heavy duty zip ties usable in many applications , 12inch with black color. | 【Guarantee】 : All our products come with a Lifetime warranty. Hmrope will make sure that you will be satisfied with it. For any reason if you don't like. You will receive a satisfactory reply. try it, totally risk free! click add to cart now!",https://m.media-amazon.com/images/I/51bdec-2Q9L.jpg | https://m.media-amazon.com/images/I/51o-vuRoKWL.jpg | https://m.media-amazon.com/images/I/412HzxTEiEL.jpg | https://m.media-amazon.com/images/I/51GNX1A+yvL.jpg | https://m.media-amazon.com/images/I/41hd4HTD6UL.jpg | https://m.media-amazon.com/images/I/51tap7CE+dL.jpg | https://m.media-amazon.com/images/I/31VO12l8OEL.jpg,,,,,,,,,,,,,,,,,,,,,,,,,,,,,‎No,,‎No,,,,,,,,,,,‎HMROPE,,,,,,,,,,,,,,,,,,,,,,,,,,,,,,,‎Black,,,,,,,,,,,,,,,,,,,,,,,,,,,,,,,,,,,,,,,,,,,,,,,,,,,,,,,,,,,,,,,,,,,,,,,,,,,,,,,,,,,,,,,,,,,,,,"‎100 12"" cable ties",,,,,,,,,,,,,,,,,,,,,,,,,‎12 Inches,‎HM003,,,‎1,,,,‎4.3 ounces,,,,,,,,,,,,,,,,,,,,‎Hmrope,,,,,‎Nylon,,,,,,,,,,,‎30.48 Centimeters,,,,,,,,,,,,,,,,,,,,,,,,,,,,,,,,,,,,,,,,,,,,,,‎100,,,,,,,,,,,,,,,,,,,,,,,,,,,,,,,,,,,,,,‎YA04,‎HM003,,,,,,,,,,,,,,,,,,,,,,,,,,,,,,,,,,,,,,,,,,,,,,,,,,,,,,‎12'',,,,,,‎Industrial Strength,,,,,,,,,,,,‎Heavy Duty,,,,,,,,,,,,,,,,,‎5E+1 Pounds,,,,,,,,,,,,,‎824918827166,,,‎Indoor and Outdoor,,,,,,,,,,,,,,,,,,,,,,,,Electronics,2376.0,"Electrical Cable Ties       Date First Available   March 3, 2020",81.0,,,"['【Heavy Duty】 : Strength tensile is decided by width-- Hmrope wire ties 0.14inch / 3.5mm wider make the zip ties stronger than the normal for more projects.', '【Premium Quality Material】 : Plastic ties made of industrial strength nylon 6/6 material, and can be used in temperatures ranges from 040F to +185F (440C to +85C), weather resistant and outdoor in direct sunlight application is not an issue.', '【Self-Locking】 : Zip ties 12 inch with self-locking Fastener Design, strong resilient powerful lock, easy handling and prevent snagging in tight.', '【Details】 : 100-PACK of heavy duty zip ties usable in many applications , 12inch with black color.', ""【Guarantee】 : All our products come with a Lifetime warranty. Hmrope will make sure that you will be satisfied with it. For any reason if you don't like. You will receive a satisfactory reply. try it, totally risk free! click add to cart now!""]","['https://m.media-amazon.com/images/I/51bdec-2Q9L.jpg', 'https://m.media-amazon.com/images/I/51o-vuRoKWL.jpg', 'https://m.media-amazon.com/images/I/412HzxTEiEL.jpg', 'https://m.media-amazon.com/images/I/51GNX1A+yvL.jpg', 'https://m.media-amazon.com/images/I/41hd4HTD6UL.jpg', 'https://m.media-amazon.com/images/I/51tap7CE+dL.jpg', 'https://m.media-amazon.com/images/I/31VO12l8OEL.jpg']","[{'rank': 2376, 'category': 'Electronics'}, {'rank': 81, 'category': 'Electrical Cable Ties       Date First Available   March 3, 2020'}]","{'Material': '\u200eNylon', 'Color': '\u200eBlack', 'Brand': '\u200eHMROPE', 'Item Length': '\u200e12 Inches', 'Style': '\u200eHeavy Duty', 'Maximum Diameter': '\u200e30.48 Centimeters', 'Number of Pieces': '\u200e100', 'Tensile Strength': '\u200e5E+1 Pounds', 'Manufacturer': '\u200eHmrope', 'UPC': '\u200e824918827166', 'Part Number': '\u200eYA04', 'Item Weight': '\u200e4.3 ounces', 'Item model number': '\u200eHM003', 'Size': ""\u200e12''"", 'Pattern': '\u200eHM003', 'Item Package Quantity': '\u200e1', 'Special Features': '\u200eIndustrial Strength', 'Usage': '\u200eIndoor and Outdoor', 'Included Components': '\u200e100 12"" cable ties', 'Batteries Included?': '\u200eNo', 'Batteries Required?': '\u200eNo'}"
B0D968NQ3X,"1pcs Phone Screen Auto Clicker Tapper Fast Click Simulation Finger Continuous Click for Games, Live Broadcasts Likes",ZEZEFUFU,10.99,$10.99,5.0,0.0,This item cannot be shipped to your selected delivery location. Please choose a different delivery location.,power_protection_2223901011,2223901011,https://www.amazon.com/dp/B0D968NQ3X,2025-09-13T07:09:24.762137,"Features:Auto Screen Clicker is compatible with 99% of mobile phones, a multi-device compatibility clicker that is compatible with for Android and for IOS systems, applicable to game assistance, live likes, task rewards, multi-platform order grabbing, etc. Phone Screen Auto-clicker is using spatial mapping click technology to replace the traditional mechanical click method, mute click, zero noise, and has a longer service life, adopting an innovative technology does not damage the screen of mobile phones, more sensitive and stable. Auto Clicker for Phone is coming with a digital display controller that can adjust click speed, a game automatic screen clicker that intelligent simulation finger click, having adjustable 108 gears, so you can set the gears you need at will. Automatic Screen Clicker is equipped with a built-in LED digital display that allows you to see the number of clicks, easy and convenient to operate and use, adopting an intelligent digital display to make your operation more convenient. Phone Screen Tapper is placing the tap on the screen of the mobile phone, which can simulate the finger automatically tapping the screen, just connecting the USB interface to the power supply and using it immediately, releasing and freeing your hand. Specifications:Name: Auto Screen ClickerColor: BlackClick the Gear: once in 9 seconds - 99 times in 1 secondPackage includes:1* Auto Screen Clicker1* Power Cable","Auto Screen Clicker is compatible with most of mobile phones, a multi-device compatibility clicker, applicable to game assistance, live likes, task rewards, multi-platform order grabbing, etc. | Phone Screen Auto-clicker is using spatial mapping click technology to replace the traditional mechanical click method, mute click, zero noise, and has a longer service life, adopting an innovative technology does not damage the screen of mobile phones, more sensitive and stable. | Auto Clicker for Phone is coming with a digital display controller that can adjust click speed, a game automatic screen clicker that intelligent simulation finger click, having adjustable 108 gears, so you can set the gears you need at will. | Automatic Screen Clicker is equipped with a built-in LED digital display that allows you to see the number of clicks, easy and convenient to operate and use, adopting an intelligent digital display to make your operation more convenient. | Phone Screen Tapper is placing the tap on the screen of the mobile phone, which can simulate the finger automatically tapping the screen, just connecting the USB interface to the power supply and using it immediately, releasing and freeing your hand.",https://m.media-amazon.com/images/I/31oD+Tn8ioL.jpg | https://m.media-amazon.com/images/I/21VcIfxfIlL.jpg | https://m.media-amazon.com/images/I/31SYafTExvL.jpg | https://m.media-amazon.com/images/I/41oFqeQMOvL.jpg | https://m.media-amazon.com/images/I/41YQW-tWqlL.jpg | https://m.media-amazon.com/images/I/41AWjLPU3cL.jpg,,,,,,,,,,,B0D968NQ3X,,,,,,,,,,,,,,,,,,,,,,,,,,#34 in Line Conditioners,,,,,,,,,,,,,,,,,,,,,,,,,,,,,,,,,,,,,,,,,,,,,,,,,,,,,,,,,,,,,,,"July 10, 2024",,,,,,,,,,,,,,,,,,,,,,,,,,,,,,,,,,,,,,,,,,,,,,,,,,,,,,,,,,,,,,,,,,,,,,,,,,,,,,,,,,,,,,,,,,,,,,,,,,,,1.76 ounces,,,,,,,,,,,,,,,,,,,,ZEZEFUFU,,,,,,,,,,,,,,,,,,,,,,,,,,,,,,,,,,,,,,,,,,,,,,,,,,,,,,,,,,,,,,,,,,,,,,,,,,,,,,,,,,,,,,,,,,3.94 x 3.15 x 0.79 inches,,,,,,,,,,,,,,,,,,,,,,,,,,,,,,,,,,,,,,,,,,,,,,,,,,,,,,,,,,,,,,,,,,,,,,,,,,,,,,,,,,,,,,,,,,,,,,,,,,,,,,,,,,,,,,,,,,,,,,,,,,,,,,,,,,,,,,,,,,,,"Line Conditioners       Date First Available   July 10, 2024     Manufacturer   ZEZEFUFU           Feedback",34.0,,,,,"['Auto Screen Clicker is compatible with most of mobile phones, a multi-device compatibility clicker, applicable to game assistance, live likes, task rewards, multi-platform order grabbing, etc.', 'Phone Screen Auto-clicker is using spatial mapping click technology to replace the traditional mechanical click method, mute click, zero noise, and has a longer service life, adopting an innovative technology does not damage the screen of mobile phones, more sensitive and stable.', 'Auto Clicker for Phone is coming with a digital display controller that can adjust click speed, a game automatic screen clicker that intelligent simulation finger click, having adjustable 108 gears, so you can set the gears you need at will.', 'Automatic Screen Clicker is equipped with a built-in LED digital display that allows you to see the number of clicks, easy and convenient to operate and use, adopting an intelligent digital display to make your operation more convenient.', 'Phone Screen Tapper is placing the tap on the screen of the mobile phone, which can simulate the finger automatically tapping the screen, just connecting the USB interface to the power supply and using it immediately, releasing and freeing your hand.']","['https://m.media-amazon.com/images/I/31oD+Tn8ioL.jpg', 'https://m.media-amazon.com/images/I/21VcIfxfIlL.jpg', 'https://m.media-amazon.com/images/I/31SYafTExvL.jpg', 'https://m.media-amazon.com/images/I/41oFqeQMOvL.jpg', 'https://m.media-amazon.com/images/I/41YQW-tWqlL.jpg', 'https://m.media-amazon.com/images/I/41AWjLPU3cL.jpg']","[{'rank': 34, 'category': 'Line Conditioners       Date First Available   July 10, 2024     Manufacturer   ZEZEFUFU           Feedback'}]","{'Package Dimensions': '3.94 x 3.15 x 0.79 inches', 'Item Weight': '1.76 ounces', 'ASIN': 'B0D968NQ3X', 'Best Sellers Rank': '#34 in Line Conditioners', 'Date First Available': 'July 10, 2024', 'Manufacturer': 'ZEZEFUFU'}"
B0FF9XXRF3,"EasySMX X20 Wireless Gaming Controller with RGB Backlit, 2-Stage Hall Effect Sticks, 1000Hz Polling Rate, 6-Axis Gyro on Multi-Platform, Mech Buttons- Compatible with PC/Switch/Steam/Android",EasySMX,53.99,$53.99,4.0,1808.0,In Stock,gaming_accessories_21209102011,21209102011,https://www.amazon.com/dp/B0FF9XXRF3,2025-09-13T01:58:11.618259,"Product description  



 

 
 
         

   Previous page                Next page   
1 Switchable Triggers  

2 Hall Sticks D-able 

3 Precision Mechanical Keys 

4 1000Hz Polling Rate 
    


   Previous page                Next page  

  1 Motion Function    2 RGB Lighting   3 Adjustable Vibration   4 1000mAh Battery      

          Not compatible with Xbox or PS System            

   Previous page            Next page   
1 4 Additional Buttons  

2 Removable Thumsticks 

3 Prevent Slipping Design 
    


   Previous page                Next page  

  1 Holiday Gaming Fun   2 Friends Play   3 Co-op Adventure Mode   4 Casual Multiplayer      

  



 1. Supported Platforms  


 Windows PC, Switch, Android, iOS (Not for Xbox/PS)  



 2. Dual-Mode Triggers  


 Smoothly switch between Linear Hall-Effect and Micro Switch triggers.  



 3. Drift-Free Joysticks  


 Hall-Effect sticks for precise, stable control.  



 4. 1000Hz Polling Rate  


 Ultra-low latency for smooth, responsive gameplay. Just available in 2.4G Wireless and Wired Mode  



 5. Long Battery Life  


 Real 1000mAh battery for extended gaming sessions.","📧📧Customers may encounter problems due to incorrect use of the item. Please contact the seller in advance if you have any questions before returning it. | 🎮Elite 2-Way Trigger Lock: Customize trigger sensitivity with two adjustable positions for faster actions in FPS games or smooth control in racing games, thanks to the Hall Effect Linear triggers. | 🎮Detachable Hall Sticks: Enhance your controller's versatility with thumbsticks that can be detached and reattached at different angles and heights, catering to your personal playstyle and ergonomic needs. | 🎮Ultra-Fast 1000Hz Polling Rate: Achieve virtually no input lag with a 1000Hz polling rate in both wired and 2.4G wireless modes, ensuring your every command is registered with speed and precision for a competitive edge in gaming. | 🎮Full Mecha-tactile Buttons: Enjoy the distinct clicky feedback and quicker responses from mechanical buttons on the action buttons (ABXY), shoulders, and D-pad, elevating your gaming experience. | 🎮Motion Control on Multi-Platforms: Experience precise and immersive motion controls with the X20's 6-Axis Gyro technology, compatible with Switch, PC, and mobile devices, tracking your every movement accurately. | 🎮Dynamic RGB Backlit: Enhance your gaming sessions with fully customizable RGB lighting that lets you sync your controller's ambiance with your style, mood, or the game's environment for a personalized gaming experience. | 💔【Just a reminder】💔Not Not Not Compatible with Xbox, Luna and Nvidia GeForce Now",https://m.media-amazon.com/images/I/41t2mwQgVdL.jpg | https://m.media-amazon.com/images/I/41lk094WpAL.jpg | https://m.media-amazon.com/images/I/51vVCkns9iL.jpg | https://m.media-amazon.com/images/I/41-y8ofMKWL.jpg | https://m.media-amazon.com/images/I/41lKd8jd-9L.jpg | https://m.media-amazon.com/images/I/41Wj1C-2+BL.jpg | https://m.media-amazon.com/images/I/41ugVU78P+L.jpg,,,,,,,,,,,B0FJRSRJ83,,,,,,,,,,,,,,,,1 9V batteries required.,,,,,,,,,,"#12,649 in Cell Phones & Accessories (See Top 100 in Cell Phones & Accessories) #15 in Cell Phone Gaming Controllers",,,,,,,,,,,,,,,,,,,,,,,,,,,,,,,,,,,,,,,,,,,,,,,,,,,,,,,,,,,,"4.0  4.0 out of 5 stars    
    1,808 ratings   


 4.0 out of 5 stars",,,"July 27, 2025",,,,,,,,,,,,,,,,,,,,,,,,,,,,,,,,,,,,,,,,,,,,,,,,,,,,,,,,,,,,,,,,,,,,,,,,,,,,,,,,,,,,,,,,,,,,,X20,,,,,,,11.2 ounces,,,,,,,,,,,,,,,,,,,,EasySMX,,,,,,,,,,,,,,,,,,,,,,,,,,,,,,,,,,,,,,,,,,,,,,,,,,,,,,,,,,,,,,,,,,,,,,,,,,,,,,,,,,,,,,,,,,,,,,,,,,,,,,,,,,,,,,,,,,,,,6.5 x 4.7 x 2.7 inches; 11.2 ounces,,,,,,,,,,,"August 16, 2025",,,,,,,,,,,,,,,,,,,,,,,,,,,,,,,,,,,,,,,,,,,,,,,,,,,,,,,,,,,,,,,,,,,,,,,,,,,,,,,,,,,,,,,,,,,,,,,,,,,,,,Cell Phones & Accessories,12649.0,"Cell Phone Gaming Controllers       Product Dimensions   6.5 x 4.7 x 2.7 inches; 11.2 ounces     Item model number   X20     Item Weight   11.2 ounces     Manufacturer   EasySMX     Batteries   1 9V batteries required.     Date First Available   July 27, 2025          Warranty & Support   Product Warranty: For warranty information about this product, please click here      Feedback",15.0,,,"['📧📧Customers may encounter problems due to incorrect use of the item. Please contact the seller in advance if you have any questions before returning it.', '🎮Elite 2-Way Trigger Lock: Customize trigger sensitivity with two adjustable positions for faster actions in FPS games or smooth control in racing games, thanks to the Hall Effect Linear triggers.', ""🎮Detachable Hall Sticks: Enhance your controller's versatility with thumbsticks that can be detached and reattached at different angles and heights, catering to your personal playstyle and ergonomic needs."", '🎮Ultra-Fast 1000Hz Polling Rate: Achieve virtually no input lag with a 1000Hz polling rate in both wired and 2.4G wireless modes, ensuring your every command is registered with speed and precision for a competitive edge in gaming.', '🎮Full Mecha-tactile Buttons: Enjoy the distinct clicky feedback and quicker responses from mechanical buttons on the action buttons (ABXY), shoulders, and D-pad, elevating your gaming experience.', ""🎮Motion Control on Multi-Platforms: Experience precise and immersive motion controls with the X20's 6-Axis Gyro technology, compatible with Switch, PC, and mobile devices, tracking your every movement accurately."", ""🎮Dynamic RGB Backlit: Enhance your gaming sessions with fully customizable RGB lighting that lets you sync your controller's ambiance with your style, mood, or the game's environment for a personalized gaming experience."", '💔【Just a reminder】💔Not Not Not Compatible with Xbox, Luna and Nvidia GeForce Now']","['https://m.media-amazon.com/images/I/41t2mwQgVdL.jpg', 'https://m.media-amazon.com/images/I/41lk094WpAL.jpg', 'https://m.media-amazon.com/images/I/51vVCkns9iL.jpg', 'https://m.media-amazon.com/images/I/41-y8ofMKWL.jpg', 'https://m.media-amazon.com/images/I/41lKd8jd-9L.jpg', 'https://m.media-amazon.com/images/I/41Wj1C-2+BL.jpg', 'https://m.media-amazon.com/images/I/41ugVU78P+L.jpg']","[{'rank': 12649, 'category': 'Cell Phones & Accessories'}, {'rank': 15, 'category': 'Cell Phone Gaming Controllers       Product Dimensions   6.5 x 4.7 x 2.7 inches; 11.2 ounces     Item model number   X20     Item Weight   11.2 ounces     Manufacturer   EasySMX     Batteries   1 9V batteries required.     Date First Available   July 27, 2025          Warranty & Support   Product Warranty: For warranty information about this product, please click here      Feedback'}]","{'ASIN': 'B0FJRSRJ83', 'Release date': 'August 16, 2025', 'Customer Reviews': '4.0  4.0 out of 5 stars    \n    1,808 ratings   \n\n\n 4.0 out of 5 stars', 'Best Sellers Rank': '#12,649 in Cell Phones & Accessories (See Top 100 in Cell Phones & Accessories) #15 in Cell Phone Gaming Controllers', 'Product Dimensions': '6.5 x 4.7 x 2.7 inches; 11.2 ounces', 'Item model number': 'X20', 'Item Weight': '11.2 ounces', 'Manufacturer': 'EasySMX', 'Batteries': '1 9V batteries required.', 'Date First Available': 'July 27, 2025'}"
B0CHWRXH8B,"Apple AirPods Pro (2nd Generation) Wireless Ear Buds with USB-C Charging, Up to 2X More Active Noise Cancelling Bluetooth Headphones, Transparency Mode, Adaptive Audio, Personalized Spatial Audio",Apple,229.99,$229.99,4.7,27242.0,In Stock,"headphones,_earbuds_accessories_24046923011",24046923011,https://www.amazon.com/dp/B0CHWRXH8B,2025-09-13T02:30:07.910473,,"RICHER AUDIO EXPERIENCE — The Apple-designed H2 chip helps to create more intelligent noise cancellation and deeply immersive sound. The low-distortion, custom-built driver delivers crisp, clear high notes and full, rich bass in stunning definition. | NEXT-LEVEL ACTIVE NOISE CANCELLATION — Up to 2x more Active Noise Cancellation for dramatically less noise when you want to focus. Transparency mode lets you hear the world around you, and Adaptive Audio seamlessly blends Active Noise Cancellation and Transparency mode for the best listening experience in any environment. | CUSTOMIZABLE FIT — Includes four pairs of silicone tips (XS, S, M, L) to fit a wide range of ears and provide all-day comfort. The tips create an acoustic seal to help keep out noise and secure AirPods Pro in place.",https://m.media-amazon.com/images/I/21fBDZCm5QL.jpg | https://m.media-amazon.com/images/I/317cK2pqGgL.jpg | https://m.media-amazon.com/images/I/51QS-BX4D-L.jpg | https://m.media-amazon.com/images/I/31PbPujVDrL.jpg | https://m.media-amazon.com/images/I/316Y9560fLL.jpg | https://m.media-amazon.com/images/I/51jM0GvpYRL.jpg | https://m.media-amazon.com/images/I/513MgP+GslL.jpg,,,,,‎Adult,,,,,,‎B0CHWRXH8B,,,,,,,,,,,,,,,,‎3 Lithium Ion batteries required. (included),,,,,,,‎6 Hours,,,,,,,,,,,,,,,,,‎With USB-C Cable,,,,,,,,,,,,,,,,,,,,,,,,,,,,"‎Car Audio Systems, Cellphones, Desktops, Gaming Consoles, Laptops",,,,,,‎Wireless,,,,,‎Voice,"‎Call Control, Volume Control, Media Control, App Control, Voice Control, Noise Control, Siri",‎Siri,,,,‎Standard Packaging,,,,"‎September 12, 2023",,,,,,,,,,,,,,,‎Oval,,,,,,,,,,,,,,,,,,,,,,,,,,,,,,,,,,,,,,,,,,,,,,,,,,,,"‎Cable, Wireless Charging Case",,,,,,,,,,,,,,,,,,,,,,,,,,‎MTJV3AM/A,,,,,,,‎0.035 ounces,,,,,,,,,,,,,,,,,,,,‎Apple,,,,,‎Plastic,,,,,,,,,,,,,,,,,,,,,,,,,,,,,,,,,"‎AirPods Pro (2nd Gen, 2023)",,,,,,,,,,,,,,,,,,,,,‎1,,,,,,,,,,,,,,,,,,,,,,,,,,,,,,,,,,,,,,,,,,,,,,,,,,,,,,,,,,‎0.94 x 0.86 x 1.22 inches,,,,,,,,,"‎Calling, Exercising, Gaming, Recording, Running",,,,,,,,,,,,,,,,,,,,,,,,,,,,,,,,,,"‎Lightweight, Microphone Included, Phone Control, Sports & Exercise, Volume Control",,,"‎Gaming, Music, Sport",,,,,,,,,,‎Pro Gen 2,,,,,,,,,,,,,,,,,,,,,,,,,,,‎1.0 Count,,,‎195949052484,,,,,,,,,,‎Water Resistant,,,,,,,,,,"‎Bluetooth, NFC",,,,,,,,,,,,,"['RICHER AUDIO EXPERIENCE — The Apple-designed H2 chip helps to create more intelligent noise cancellation and deeply immersive sound. The low-distortion, custom-built driver delivers crisp, clear high notes and full, rich bass in stunning definition.', 'NEXT-LEVEL ACTIVE NOISE CANCELLATION — Up to 2x more Active Noise Cancellation for dramatically less noise when you want to focus. Transparency mode lets you hear the world around you, and Adaptive Audio seamlessly blends Active Noise Cancellation and Transparency mode for the best listening experience in any environment.', 'CUSTOMIZABLE FIT — Includes four pairs of silicone tips (XS, S, M, L) to fit a wide range of ears and provide all-day comfort. The tips create an acoustic seal to help keep out noise and secure AirPods Pro in place.']","['https://m.media-amazon.com/images/I/21fBDZCm5QL.jpg', 'https://m.media-amazon.com/images/I/317cK2pqGgL.jpg', 'https://m.media-amazon.com/images/I/51QS-BX4D-L.jpg', 'https://m.media-amazon.com/images/I/31PbPujVDrL.jpg', 'https://m.media-amazon.com/images/I/316Y9560fLL.jpg', 'https://m.media-amazon.com/images/I/51jM0GvpYRL.jpg', 'https://m.media-amazon.com/images/I/513MgP+GslL.jpg']",,"{'Model Name': '\u200eAirPods Pro (2nd Gen, 2023)', 'Connectivity Technology': '\u200eWireless', 'Wireless Communication Technology': '\u200eBluetooth, NFC', 'Included Components': '\u200eCable, Wireless Charging Case', 'Age Range (Description)': '\u200eAdult', 'Material': '\u200ePlastic', 'Specific Uses For Product': '\u200eGaming, Music, Sport', 'Recommended Uses For Product': '\u200eCalling, Exercising, Gaming, Recording, Running', 'Compatible Devices': '\u200eCar Audio Systems, Cellphones, Desktops, Gaming Consoles, Laptops', 'Control Type': '\u200eCall Control, Volume Control, Media Control, App Control, Voice Control, Noise Control, Siri', 'Cable Feature': '\u200eWith USB-C Cable', 'Item Weight': '\u200e0.035 ounces', 'Water Resistance Level': '\u200eWater Resistant', 'Customer Package Type': '\u200eStandard Packaging', 'Unit Count': '\u200e1.0 Count', 'Style': '\u200ePro Gen 2', 'Control Method': '\u200eVoice', 'Number of Items': '\u200e1', 'Controller Type': '\u200eSiri', 'Battery Life': '\u200e6 Hours', 'Earpiece Shape': '\u200eOval', 'UPC': '\u200e195949052484', 'Special Feature': '\u200eLightweight, Microphone Included, Phone Control, Sports & Exercise, Volume Control', 'Manufacturer': '\u200eApple', 'Product Dimensions': '\u200e0.94 x 0.86 x 1.22 inches', 'ASIN': '\u200eB0CHWRXH8B', 'Item model number': '\u200eMTJV3AM/A', 'Batteries': '\u200e3 Lithium Ion batteries required. (included)', 'Date First Available': '\u200eSeptember 12, 2023'}"
B0F842TDDD,Poly Voyager Legend Wireless Headset (Plantronics) - Single-Ear Bluetooth w/Noise-Canceling Mic - Voice Controls - Mute & Volume Buttons - Ergonomic Design -Connect to Mobile/Tablet via Bluetooth -FFP,Poly,70.0,$70.00,4.2,22980.0,,single_ear_bluetooth_headsets_18021376011,18021376011,https://www.amazon.com/dp/B0F842TDDD,2025-09-13T04:27:29.718531,"The Voyager Legend earpiece headset delivers unsurpassed audio clarity, all-day comfort, and the hands-free mobility you need to take calls on the road or on the go. Sound the way you want with your Plantronics headset’s triple-mic active Digital Signal Processing (DSP), with noise and wind canceling—the perfect remedy for blocking out distracting background sound. With its Bluetooth connection, the Voyager Legend lets you freely move up to 33 feet (10 meters) as well as connect a second smartphone or tablet with your headset’s multipoint technology. Smart sensors take a load off your shoulders by pausing your music and routing calls directly to your mobile. Voice commands further simplify how you communicate by letting you answer or ignore calls, check battery level, and monitor connection status by merely tapping the voice command button and then speaking. Plus, the mute, volume, and power buttons are located on your headset for easy access. The Voyager Legend also sports a balanced and comfortable design—you’ll practically forget you’re wearing it! The convenience continues thanks to the included charging cord’s magnetic, snap-fit connection making recharging your phone headset quick and easy.","CLEAR AUDIO QUALITY: Take conversations on the go or on the road with confidence as your headset’s sophisticated noise-canceling microphones optimize your voice and minimize noise caused by wind, movement, and other background sounds.Note : If the size of the earbud tips does not match the size of your ear canals or the headset is not worn properly in your ears, you may not obtain the correct sound qualities or call performance. Change the earbud tips to ones that fit more snugly in your ears.Audio Sensitivity:80 decibels.Compatible phone models:iPhone X | CONNECTIVITY & MOBILITY: Connect your mobile device or tablet through Bluetooth and move freely with up to a 33 ft (10 m) range and up to 7 hours of talk time; and with multipoint technology, you’ll enjoy the convenience of having two phones connected at once. | HANDS-FREE: Optimize every call as intelligent sensors pause music and direct calls to your phone or headset; with intuitive voice commands, you don’t even need to lift a finger—simply use your voice to answer or ignore calls, check battery level, & more. | EASY-TO-REACH BUTTONS: Conveniently placed buttons let you easily access and control mute, volume, and power. | STREAMLINED DESIGN: Slip it on and forget it’s there thanks to this headset’s ergonomic design; the included charging cord’s magnetic, snap-fit connection makes charging quick and easy.","https://m.media-amazon.com/images/I/31+tODty+8L.jpg | https://m.media-amazon.com/images/I/41qjPJ79E4L.jpg | https://m.media-amazon.com/images/I/419Afee1hLL.jpg | https://m.media-amazon.com/images/I/5133HuYFh5L.jpg | https://m.media-amazon.com/images/I/41iDT4CB1SL.jpg | https://m.media-amazon.com/images/I/41K8c3xlOHL.jpg | https://m.media-amazon.com/images/I/51UMOVOYSqL.SX38_SY50_CR,0,0,38,50_BG85,85,85_BR-120_PKdp-play-icon-overlay__.jpg",,,,,Adult,,,,,,B00DQ5NU76,,,,,,,,,,,,,,,,1 Lithium Polymer batteries required. (included),,,,,,,7 Hours,,,"#19,396 in Cell Phones & Accessories (See Top 100 in Cell Phones & Accessories) #81 in Single Ear Bluetooth Cell Phone Headsets",10 Meters,,,,,,,,,,,,,Without Cable,8 Inches,,,,,,,,,,,,,,,,,90 minutes,,,,,,,,,,"Android, Tablets, iPhone, iPhone 15",,,,,,Wi-Fi,,,,,"Touch, Voice",Call Control,,,,,Frustration-Free Packaging,"4.2  4.2 out of 5 stars    
    22,980 ratings   


 4.2 out of 5 stars",,,"June 26, 2013",,,Electronics,,,,,,,,,,,,Rounded,,,,,,,,,,,,,,,,,,,,,On Ear,,,,,,,,,,,00017229165786,,,,,,,,,,,,,,usb,,,,,,"Eartip, Headset, USB Adapter, Warranty",,,,,,,,,,,,,,No,,,,,,,,,,,,87300-241,,,,,,,0.688 ounces,,,,,,,,,,,,,,,,,,,,Poly,,,,,Silicone,,,,,,,,,,,,,,,,,,,,,,,,,,,,,,,,,Voyager Legend,,,,,,,,,,,,,,,,,,,,,1,,,,,,,,,,,,,,,,,,,,,,Wireless,,,,,,,,,,,,,,,,,,,,,,,,,,,,,,,,,,,,,,,,,,,,,,,,,,,,,,,,,,,80 dB,,,,,,,,,,,,,,,,,,,,"Noise Cancellation, Volume Control","Noise Cancellation, Volume Control",,"Music,Calling",,,,,,,,,,Headset,,,,,,,,,,,,,,,,,,,,,,,,,,,1.0 Count,,,017229165786 197192935927,,,,,,,,,,Water Resistant,,,,,,,,,,Bluetooth,,,,,,,Cell Phones & Accessories,19396.0,"Single Ear Bluetooth Cell Phone Headsets       Is Discontinued By Manufacturer   No      Special features    Noise Cancellation, Volume Control      Other display features    Wireless      Form Factor    On Ear     Department   Electronics     Date First Available   June 26, 2013          Warranty & Support      Product Warranty: For warranty information about this product, please click here [PDF ] Product Warranty: For warranty information about this product, please click here [PDF ]       Feedback",81.0,,,"['CLEAR AUDIO QUALITY: Take conversations on the go or on the road with confidence as your headset’s sophisticated noise-canceling microphones optimize your voice and minimize noise caused by wind, movement, and other background sounds.Note : If the size of the earbud tips does not match the size of your ear canals or the headset is not worn properly in your ears, you may not obtain the correct sound qualities or call performance. Change the earbud tips to ones that fit more snugly in your ears.Audio Sensitivity:80 decibels.Compatible phone models:iPhone X', 'CONNECTIVITY & MOBILITY: Connect your mobile device or tablet through Bluetooth and move freely with up to a 33 ft (10 m) range and up to 7 hours of talk time; and with multipoint technology, you’ll enjoy the convenience of having two phones connected at once.', 'HANDS-FREE: Optimize every call as intelligent sensors pause music and direct calls to your phone or headset; with intuitive voice commands, you don’t even need to lift a finger—simply use your voice to answer or ignore calls, check battery level, & more.', 'EASY-TO-REACH BUTTONS: Conveniently placed buttons let you easily access and control mute, volume, and power.', 'STREAMLINED DESIGN: Slip it on and forget it’s there thanks to this headset’s ergonomic design; the included charging cord’s magnetic, snap-fit connection makes charging quick and easy.']","['https://m.media-amazon.com/images/I/31+tODty+8L.jpg', 'https://m.media-amazon.com/images/I/41qjPJ79E4L.jpg', 'https://m.media-amazon.com/images/I/419Afee1hLL.jpg', 'https://m.media-amazon.com/images/I/5133HuYFh5L.jpg', 'https://m.media-amazon.com/images/I/41iDT4CB1SL.jpg', 'https://m.media-amazon.com/images/I/41K8c3xlOHL.jpg', 'https://m.media-amazon.com/images/I/51UMOVOYSqL.SX38_SY50_CR,0,0,38,50_BG85,85,85_BR-120_PKdp-play-icon-overlay__.jpg']","[{'rank': 19396, 'category': 'Cell Phones & Accessories'}, {'rank': 81, 'category': 'Single Ear Bluetooth Cell Phone Headsets       Is Discontinued By Manufacturer   No      Special features    Noise Cancellation, Volume Control      Other display features    Wireless      Form Factor    On Ear     Department   Electronics     Date First Available   June 26, 2013          Warranty & Support      Product Warranty: For warranty information about this product, please click here [PDF ] Product Warranty: For warranty information about this product, please click here [PDF ]       Feedback'}]","{'Sensitivity': '80 dB', 'Headphones Jack': 'usb', 'Model Name': 'Voyager Legend', 'Connectivity Technology': 'Wi-Fi', 'Wireless Communication Technology': 'Bluetooth', 'Included Components': 'Eartip, Headset, USB Adapter, Warranty', 'Age Range (Description)': 'Adult', 'Material': 'Silicone', 'Specific Uses For Product': 'Music,Calling', 'Charging Time': '90 minutes', 'Compatible Devices': 'Android, Tablets, iPhone, iPhone 15', 'Control Type': 'Call Control', 'Cable Feature': 'Without Cable', 'Item Weight': '0.688 ounces', 'Water Resistance Level': 'Water Resistant', 'Customer Package Type': 'Frustration-Free Packaging', 'Unit Count': '1.0 Count', 'Style': 'Headset', 'Control Method': 'Touch, Voice', 'Number of Items': '1', 'Cable Length': '8 Inches', 'Battery Life': '7 Hours', 'Bluetooth Range': '10 Meters', 'Earpiece Shape': 'Rounded', 'UPC': '017229165786 197192935927', 'Special Feature': 'Noise Cancellation, Volume Control', 'Global Trade Identification Number': '00017229165786', 'Manufacturer': 'Poly', 'ASIN': 'B00DQ5NU76', 'Item model number': '87300-241', 'Batteries': '1 Lithium Polymer batteries required. (included)', 'Customer Reviews': '4.2  4.2 out of 5 stars    \n    22,980 ratings   \n\n\n 4.2 out of 5 stars', 'Best Sellers Rank': '#19,396 in Cell Phones & Accessories (See Top 100 in Cell Phones & Accessories) #81 in Single Ear Bluetooth Cell Phone Headsets', 'Is Discontinued By Manufacturer': 'No', 'Special features': 'Noise Cancellation, Volume Control', 'Other display features': 'Wireless', 'Form Factor': 'On Ear', 'Department': 'Electronics', 'Date First Available': 'June 26, 2013'}"
B09JG62KDJ,"FIFINE Gaming USB Microphone for PC PS5, Condenser Mic with Quick Mute, RGB Indicator, Tripod Stand, Pop Filter, Shock Mount, Gain Control for Streaming Discord Twitch Podcasts Videos- AmpliGame",FIFINE,32.99,$32.99,4.6,12953.0,In Stock,microphones_accessories_11974521,11974521,https://www.amazon.com/dp/B09JG62KDJ,2025-09-13T06:29:33.842493,"From the brand  











 

 FIFINE AmpliGame Series   Keep Leveling Up for Your Game Victory  




 Previous page    


 



  


 



  


 



  


 



  



   

   

   

   


 FIFINE Gaming Products    Visit the Store   



  


 



  



   

   

   

   


 FIFINE Streaming Microphone    Visit the Store   



  


 



  



   

   

   

   


 FIFINE Podcasting Microphone    Visit the Store   



  


 



  


 



 Next page","[Award Honored, Full Audio] FIFINE AmpliGame A6V, a gaming mic, has earned the globally recognized iF Design Award. The PC microphone with 192kHz sampling rate delivers naturally detailed audio, making your team sound like they're right beside you. Cardioid polar pattern and 70dB SNR offer dual support for pure voice, sensitive to the front vocal and reducing background noise interference. The streaming mic helps you win more easily. | [Quick Mute Button, Handy Gain Knob] Immediately silence the USB microphone with a tap, preventing emotional outbursts to maintain a positive team atmosphere. RGB off when muted to indicate status and prevent streaming accidents. Mic volume control conveniently located on the condenser microphone is intuitive to use. You can speak at a comfortable level without shouting or whispering during game. | [Gradient RGB] Bicolored RGB cycles through 7 gradient colors automatically. Vivid lighting on the FIFINE microphone for PC enhances your glowing rig for a carnival atmosphere, immersing you in the intense game arena. The computer microphone for desktop with fixed light modes achieves a personalized experience without visual clutter, randomly matching game characters for surprise color combos. | [Plug and Play] The PS5 microphone is easy to install and compatible with PS4, desktop, laptop and mainstream operating systems like Windows/Mac OS, without extra software. Quickly start game chat on Discord, Team and Zoom, or stream on OBS, Streamlabs and Twitch platforms. The gaming microphone PC coming with 6.6ft-long detachable USB cable ensures no interruptions or connectivity issues, even if your computer host is under the desk. | [Useful Accessories] The podcast microphone features durable construction. Anti-vibration shock mount with four rubber bands absorbs tremor from keyboard taps and mouse clicks. The detachable pop filter reduces plosives caused by excited speech during gaming. The stable tripod stand with rubber feet allows for optimal recording positioning via an adjustable thumbscrew, whether you're leaning back or in. | [Product Includes] The studio microphone comes with Shock Mount and Pop Filter*1, Tripod Stand*1, 6.6 feet USB Cable*1, User's Manual*1","https://m.media-amazon.com/images/I/41lhNMHQFnL.jpg | https://m.media-amazon.com/images/I/41oLWwkkBxL.jpg | https://m.media-amazon.com/images/I/51Aflroh5rL.jpg | https://m.media-amazon.com/images/I/51jdWJx7hYL.jpg | https://m.media-amazon.com/images/I/41VMtZ7DxcL.jpg | https://m.media-amazon.com/images/I/41pDOO-tUzL.jpg | https://m.media-amazon.com/images/I/91EpDO2aGmL.SS40_BG85,85,85_BR-120_PKdp-play-icon-overlay__.jpg",,,,,,,,,,,B09JG62KDJ,,,,,,,,,,,,,,,,,,,,,,,,,,#128 in Musical Instruments (See Top 100 in Musical Instruments) #2 in Vocal Condenser Microphones,,,,,,,,,,,,,,,,,,,,,,,,,,,,,,,,,,,,,,,,,,,,,,,,,,,,,,,,,,,,"4.6  4.6 out of 5 stars    
    12,953 ratings   


 4.6 out of 5 stars",,,"October 14, 2021",,,,,,,,,,,,,,,,,,,,,,,,,,,,,,,,,,,,,,,,,,18 KHz,,,,,,,,,,,,,,,,,"Desktop/Laptop, Not compatible with XBOX, PS4/PS5",,,,,,,,,,,,,,,,,,,,,,,,,,,,,,6.93 x 7.05 x 3.78 inches,,,,A6V,,,,,,,1.1 pounds,,,,,,,,,,,,,,,,,,,,FIFINE,,,,,"Acrylonitrile Butadiene Styrene, Metal",,,,,,,,,,,,,,,,,,,,,,,,,Desktop Mic,,,,,,,,,,,,,,,,,,,,,,1,,,,,,,,,,,,,,,,,,,,,,,,,,,,,,,,,,,,,,,,,,,,,,,,,,,,,,,,,,Corded Electric,,,,,,,6.93 x 7.05 x 3.78 inches,,,,,,,,,,,,,,,,,,,,,,,,,,,,,,,,,,,,70 dB,,,,,,,,,,,,,,,,,,,,,,,,,,,,,,,,,,,,,,,,,,,,,,,,,,850035565117 860007094798,,,,,,,,,,,,,,,,,,,,,,,,,,,Musical Instruments,128.0,"Vocal Condenser Microphones       Date First Available   October 14, 2021          Warranty & Support   Product Warranty: For warranty information about this product, please click here      Feedback",2.0,,,"[""[Award Honored, Full Audio] FIFINE AmpliGame A6V, a gaming mic, has earned the globally recognized iF Design Award. The PC microphone with 192kHz sampling rate delivers naturally detailed audio, making your team sound like they're right beside you. Cardioid polar pattern and 70dB SNR offer dual support for pure voice, sensitive to the front vocal and reducing background noise interference. The streaming mic helps you win more easily."", '[Quick Mute Button, Handy Gain Knob] Immediately silence the USB microphone with a tap, preventing emotional outbursts to maintain a positive team atmosphere. RGB off when muted to indicate status and prevent streaming accidents. Mic volume control conveniently located on the condenser microphone is intuitive to use. You can speak at a comfortable level without shouting or whispering during game.', '[Gradient RGB] Bicolored RGB cycles through 7 gradient colors automatically. Vivid lighting on the FIFINE microphone for PC enhances your glowing rig for a carnival atmosphere, immersing you in the intense game arena. The computer microphone for desktop with fixed light modes achieves a personalized experience without visual clutter, randomly matching game characters for surprise color combos.', '[Plug and Play] The PS5 microphone is easy to install and compatible with PS4, desktop, laptop and mainstream operating systems like Windows/Mac OS, without extra software. Quickly start game chat on Discord, Team and Zoom, or stream on OBS, Streamlabs and Twitch platforms. The gaming microphone PC coming with 6.6ft-long detachable USB cable ensures no interruptions or connectivity issues, even if your computer host is under the desk.', ""[Useful Accessories] The podcast microphone features durable construction. Anti-vibration shock mount with four rubber bands absorbs tremor from keyboard taps and mouse clicks. The detachable pop filter reduces plosives caused by excited speech during gaming. The stable tripod stand with rubber feet allows for optimal recording positioning via an adjustable thumbscrew, whether you're leaning back or in."", ""[Product Includes] The studio microphone comes with Shock Mount and Pop Filter*1, Tripod Stand*1, 6.6 feet USB Cable*1, User's Manual*1""]","['https://m.media-amazon.com/images/I/41lhNMHQFnL.jpg', 'https://m.media-amazon.com/images/I/41oLWwkkBxL.jpg', 'https://m.media-amazon.com/images/I/51Aflroh5rL.jpg', 'https://m.media-amazon.com/images/I/51jdWJx7hYL.jpg', 'https://m.media-amazon.com/images/I/41VMtZ7DxcL.jpg', 'https://m.media-amazon.com/images/I/41pDOO-tUzL.jpg', 'https://m.media-amazon.com/images/I/91EpDO2aGmL.SS40_BG85,85,85_BR-120_PKdp-play-icon-overlay__.jpg']","[{'rank': 128, 'category': 'Musical Instruments'}, {'rank': 2, 'category': 'Vocal Condenser Microphones       Date First Available   October 14, 2021          Warranty & Support   Product Warranty: For warranty information about this product, please click here      Feedback'}]","{'Item Weight': '1.1 pounds', 'Microphone Form Factor': 'Desktop Mic', 'Item dimensions L x W x H': '6.93 x 7.05 x 3.78 inches', 'Power Source': 'Corded Electric', 'Material': 'Acrylonitrile Butadiene Styrene, Metal', 'Signal-to-Noise Ratio': '70 dB', 'Hardware Platform': 'Desktop/Laptop, Not compatible with XBOX, PS4/PS5', 'Number of Channels': '1', 'Frequency Response': '18 KHz', 'Manufacturer': 'FIFINE', 'UPC': '850035565117 860007094798', 'Product Dimensions': '6.93 x 7.05 x 3.78 inches', 'ASIN': 'B09JG62KDJ', 'Item model number': 'A6V', 'Customer Reviews': '4.6  4.6 out of 5 stars    \n    12,953 ratings   \n\n\n 4.6 out of 5 stars', 'Best Sellers Rank': '#128 in Musical Instruments (See Top 100 in Musical Instruments) #2 in Vocal Condenser Microphones', 'Date First Available': 'October 14, 2021'}"
B0BYD5TDVP,Iridescent Party Streamers Backdrop - GREATRIL Neon Transparent Holographic Tinsel Foil Fringe Curtain for Mermaid/Frozen/Sea/Euphoria/ERAS Party Theme Decorations 3.2ft x 6.5ft 2 PCS,GREATRIL,32.99,$32.99,4.6,8259.0,This item cannot be shipped to your selected delivery location. Please choose a different delivery location.,lighting_studio_7161086011,7161086011,https://www.amazon.com/dp/B0BYD5TDVP,2025-09-12T21:32:15.999404,"Product description  

  


 
 
   Previous page                Next page   
1 Frozen Birthdays Party 

2 Princess Decorations 

3 Mermaid party 

4 Iridescent Party 
    

    Holographic Tinsel Foil Fringe Curtain   Iridescent Party Backdrop  
 The GREATRIL iridescent party streamers good for mermaid party decorations, euphoria party, under sea birthdays theme party, princess party, baby showers decorations.        
The video showcases the product in use.The video guides you through product setup.The video compares multiple products.The video shows the product being unpacked.Video Player is loading.Click to play videoPlayMuteCurrent Time 0:00/Duration 0:16Loaded: 37.54%0:00Stream Type LIVESeek to live, currently behind liveLIVERemaining Time -0:16 1xPlayback RateChaptersChaptersDescriptionsdescriptions off, selectedCaptionscaptions off, selectedEnglish (Automated)Audio Trackdefault, selectedFullscreenThis is a modal window. video Merchant Video

     

  Other items from this STORE    Previous page  
         Iridescent Tablecover       Learn More       
  
         Purple Iridescent Fringe Curtain       Learn More       
  
         3 PCS Hanging Iridescent Party Decorations       Learn More       
  
         3 PCS Snowflake Hanging Decorations       Learn More       
  
         Iridescent Happy Birthdays Banner       Learn More       
 Next page   






















      


 More:   
       Happy Birthdays Banner   

 Buying Options  
     Iridescent Purple Fringe   

 Buying Options  
     Iridescent Green Fringe   

 Buying Options  
     Iridescent Pink Fringe   

 Buying Options  
     Iridescent Orange Fringe   

 Buying Options  
     Tablecover    

 Buying Options  
     Happy Birthdays Banner   

 Buying Options  
    
 Customer Reviews  
  


4.4 out of 5 stars 22 
   


4.8 out of 5 stars 6 
   


4.8 out of 5 stars 6 
   


4.8 out of 5 stars 6 
   


4.8 out of 5 stars 6 
   


4.5 out of 5 stars 84 
   


4.2 out of 5 stars 71 
     
 Color  
  
                                                Holographic    
  
                                                Iridescent Purple     
  
                                                Iridescent Green    
  
                                                Iridescent Pink     
  
                                                Iridescent Orange    
  
                                                Iridescent    
  
                                                Pink Purple    
    
 Quantity  
  
                                                1 Set    
  
                                                2 PCS    
  
                                                2 PCS    
  
                                                2 PCS    
  
                                                2 PCS    
  
                                                2 PCS    
  
                                                1 Set    
    
 Material  
  
                                                Paper    
  
                                                Foil    
  
                                                Foil    
  
                                                Foil    
  
                                                Foil    
  
                                                Foil    
  
                                                Foil    
    
 Occasion  
  
                                                Party    
  
                                                Party    
  
                                                Party    
  
                                                Party    
  
                                                party    
  
                                                Party    
  
                                                Party    
    
 Brand  
  
                                                GREATRIL    
  
                                                GREATRIL    
  
                                                GREATRIL    
  
                                                GREATRIL    
  
                                                GREATRIL    
  
                                                GREATRIL    
  
                                                GREATRIL","Package: The beautiful backdrop size is 3.2ft * 6.5ft, and total 2 pcs. It can creating a beautiful party backdrop for you and your friends to enjoy the romantic party. | Versatile: This tinsel curtain can be used for a variety of occasions, including all birthdays parties, proms, and other special events. And different party themes, like mermaid, Y2K, euphoria party theme decorations. | Easy to install: The fringe curtain is easy to install and can be hung from any surface using tape or string. | Good Visual effect: This transparent holographic curtain backdrop will show sparkly colors under the light through different angles. It's great for adding to the atmosphere of party show. | The foil fringe curtains are tight and durable. And it is non-toxic, odorless, non-fading, uniform color and no stains. This product has high and low temperature resistance, long storage time. | Shimmering effect: The iridescent foil material creates a shimmering effect that adds a touch of glamour and elegance to any event.","https://m.media-amazon.com/images/I/61KqqMJNkbL.jpg | https://m.media-amazon.com/images/I/613KPpDn4QL.jpg | https://m.media-amazon.com/images/I/51SDLDdA+OL.jpg | https://m.media-amazon.com/images/I/51a13lSLgBL.jpg | https://m.media-amazon.com/images/I/61m0ZYaJXKL.jpg | https://m.media-amazon.com/images/I/61m7K6OREHL.jpg | https://m.media-amazon.com/images/I/61PfJRji4gL.SS40_BG85,85,85_BR-120_PKdp-play-icon-overlay__.jpg",,,,,,,,,,,B0BYD5TDVP,,,,,,,,,,,,,,,,,,,,,,,,,,#674 in Home & Kitchen (See Top 100 in Home & Kitchen) #4 in Party Streamers #5 in Photographic Studio Photo Backgrounds,,,,,,,,,,,,,,,,,,,,,,,,,,,,,,,,,,,,,,,,,,,,,,,,,,,,,,,,,,,,"4.6  4.6 out of 5 stars    
    8,259 ratings   


 4.6 out of 5 stars",,,"January 9, 2022",,,,,,,,,,,,,,,,,,,,,,,,,,,,,,,,,,,,,,,,,,,,,,,,,,,,,,,,,,,,,,,,,,,,,,,,,,,,,,,,,,,,,,,,,,,,,,,,,,,,5 ounces,,,,,,,,,,,,,,,,,,,,GREATRIL,,,,,,,,,,,,,,,,,,,,,,,,,,,,,,,,,,,,,,,,,,,,,,,,,,,,,,,,,,,,,,,,,,,,,,,,,,,,,,,,,,,,,,,,,,,,,,,,,,,,,,,,,,,,,,,,,,,,,78.7 x 39.3 x 0.1 inches,,,,,,,,,,,,,,,,,,,,,,,,,,,,,,,,,,,,,,,,,,,,,,,,,,,,,,,,,,,,,,,,,,,,,,,,,,,,,,,,,,,,,,,,,,,,,,,,,,,,,,,,,,,,,,,,,Home & Kitchen,674.0,"Party Streamers #5 in Photographic Studio Photo Backgrounds       Date First Available   January 9, 2022     Manufacturer   GREATRIL           Feedback",4.0,,,"['Package: The beautiful backdrop size is 3.2ft * 6.5ft, and total 2 pcs. It can creating a beautiful party backdrop for you and your friends to enjoy the romantic party.', 'Versatile: This tinsel curtain can be used for a variety of occasions, including all birthdays parties, proms, and other special events. And different party themes, like mermaid, Y2K, euphoria party theme decorations.', 'Easy to install: The fringe curtain is easy to install and can be hung from any surface using tape or string.', ""Good Visual effect: This transparent holographic curtain backdrop will show sparkly colors under the light through different angles. It's great for adding to the atmosphere of party show."", 'The foil fringe curtains are tight and durable. And it is non-toxic, odorless, non-fading, uniform color and no stains. This product has high and low temperature resistance, long storage time.', 'Shimmering effect: The iridescent foil material creates a shimmering effect that adds a touch of glamour and elegance to any event.']","['https://m.media-amazon.com/images/I/61KqqMJNkbL.jpg', 'https://m.media-amazon.com/images/I/613KPpDn4QL.jpg', 'https://m.media-amazon.com/images/I/51SDLDdA+OL.jpg', 'https://m.media-amazon.com/images/I/51a13lSLgBL.jpg', 'https://m.media-amazon.com/images/I/61m0ZYaJXKL.jpg', 'https://m.media-amazon.com/images/I/61m7K6OREHL.jpg', 'https://m.media-amazon.com/images/I/61PfJRji4gL.SS40_BG85,85,85_BR-120_PKdp-play-icon-overlay__.jpg']","[{'rank': 674, 'category': 'Home & Kitchen'}, {'rank': 4, 'category': 'Party Streamers #5 in Photographic Studio Photo Backgrounds       Date First Available   January 9, 2022     Manufacturer   GREATRIL           Feedback'}]","{'Product Dimensions': '78.7 x 39.3 x 0.1 inches', 'Item Weight': '5 ounces', 'ASIN': 'B0BYD5TDVP', 'Customer Reviews': '4.6  4.6 out of 5 stars    \n    8,259 ratings   \n\n\n 4.6 out of 5 stars', 'Best Sellers Rank': '#674 in Home & Kitchen (See Top 100 in Home & Kitchen) #4 in Party Streamers #5 in Photographic Studio Photo Backgrounds', 'Date First Available': 'January 9, 2022', 'Manufacturer': 'GREATRIL'}"
B0D2DBQKKF,"Silicone Case with 3M Strong Adhesive Sticker, 4 Pack Protective Case for Apple Air Tags for Sticking On Tv Remote Headphones Luggage Laptop Camera Bike",echinff,9.99,$9.99,4.7,166.0,In Stock,gps_system_accessories_559942,559942,https://www.amazon.com/dp/B0D2DBQKKF,2025-09-13T06:18:12.893813,"Product description  





  Are you tired of constantly misplacing your belongings?     With our Airtag Case, you can now keep track of your valuable items effortlessly.   Designed specifically for Apple's innovative Airtag, our case provides both protection and style.   Please Note:   When you stick this silicone, you need to clean the surface of the object first, do not get contaminated with dust and liquid, otherwise it will affect the paste effect.  



 Discover the Perfect Companion for Your Airtag!    Key Features:    1.  Premium Quality Materials Crafted with precision and durability in mind, our Airtag Case is made from high-quality materials that ensure long-lasting protection. The rugged exterior safeguards your Airtag against scratches, bumps, and accidental drops.   2.  Sleek and Stylish Design Our Airtag Case features a sleek and slim design that complements the modern aesthetics of the Airtag. Its minimalistic look adds a touch of elegance to your belongings without compromising functionality.   3. Strong 3M self-adhesive stickers. The Airtag Case with strong 3M self-adhesive adhesive on the back to ensure a firm adherence to your valuables.   4. Personalization Options Express your individuality with our Airtag Case. Choose from white and  black colors that suit your style. Whether you prefer a classic white or a fashion black, our selection has something for everyone.  






 
 Strong 3M self-adhesive    The airtag case has a strong 3M self-adhesive adhesive on the back to ensure a firm adherence to your valuables.  


 
 Washable silicone airtag case   You can wash the airtag case.  


 
 4 pack included   You got 4 pack black airtag cases.  






 












 

                                                  Case for Airtag 





 

                                                  Case for Airtag 





 

                                                  Case for Airtag 





 

                                                  Case for Airtag 





 

                                                  Case for Airtag 





 

                                                  Case for Airtag 






 
    
 Add to Cart  
 


 
    
 Add to Cart  
 


 
    
 Add to Cart  
 


 
    
 Add to Cart  
 


 
    
 Add to Cart  
 


 
    
 Add to Cart  
 




 Customer Reviews  
 


5.0 out of 5 stars 2 
   


5.0 out of 5 stars 2 
   


5.0 out of 5 stars 2 
   


5.0 out of 5 stars 2 
   


5.0 out of 5 stars 2 
   


5.0 out of 5 stars 2 
  


 Price  
 $8.99$8.99   $8.99$8.99   $8.99$8.99   $8.99$8.99   $8.99$8.99   $8.99$8.99  


 Color  
  Black      Pink+White+Black+Pure White       Black + White      Pink      White       Black + Pure White    


 With 2 more stickers  
 
                                              ✓
                                             
                                              ✓
                                             
                                              ✓
                                             
                                              ✓
                                             
                                              ✓
                                             
                                              ✓","Secure Protection: Shield your Air Tag from scratches and bumps with our 3M self-adhesive silicone case, ensuring lasting durability. (Air Tag is not included) | Sleek Design: Maintain the sleek profile of your Air Tag while adding a layer of vibrant, soft-touch silicone for a stylish look | Enhanced Grip: The textured surface offers a secure grip, preventing accidental slips and providing peace of mind in daily use | Versatile Compatibility: Designed specifically for Air Tag, our case offers precise cutouts, allowing easy access to functionalities | Rugged Protection: Safeguard your Air Tag from drops and scratches with our soft silicone case, designed for ultimate durability","https://m.media-amazon.com/images/I/41LxxdUSiKL.jpg | https://m.media-amazon.com/images/I/41ozNgIMTdL.jpg | https://m.media-amazon.com/images/I/41YG+QhJoYL.jpg | https://m.media-amazon.com/images/I/31oc7CEx93L.jpg | https://m.media-amazon.com/images/I/51+lTfm1hHL.jpg | https://m.media-amazon.com/images/I/31OrUxYKDPL.jpg | https://m.media-amazon.com/images/I/71Nt4y6migL.SS40_BG85,85,85_BR-120_PKdp-play-icon-overlay__.jpg",,,,,,,,,,,‎B0CHFM5Q8B,,,,,,,,,,,,,,,,,,,,,,,,,,,,,,,‎echinff,,,,,,,,,,,,,,,,,,,,,,,,,,,,,,,‎Black x 4,,,,,,,,,,,,,,,,,,,,,,,,,,,"‎November 2, 2023",,,,,,,,,,,,,,,,,,,,,,,,,,,,,,,,,,,,,,,,,,,,,,,,,,,,,,,,,,,,,,,,,,,,,,,,,,,,,,,,,,,,,,,,,,,,,,,,,,,,‎0.704 ounces,,,,,,,,,,,,,,,,,,,,‎echinff,,,,,,,,,,,,,,,,,,,,,,,,,,,,,,,,,,,,,,,,,,,,,,,,,,,,,,,,,,,,,,,,,,,,,,,,,,,,,,,,,,,,,,,,,,‎4.8 x 3.07 x 0.75 inches,,,,,,,,,,,,,,,,,,,,,,,,,,,,,,,,,,,,,,,,,,,,,,,,,,,,,,,,,,,,,,,,,,,,,,,,,,,,,,,,,,,,,,,,,,,,,,,,,,,,,,,,,,,,,,,,,,,,,,,,,,,,,,,,,,,,,,,,,,,,GPS Cases,53.0,,,,,"['Secure Protection: Shield your Air Tag from scratches and bumps with our 3M self-adhesive silicone case, ensuring lasting durability. (Air Tag is not included)', 'Sleek Design: Maintain the sleek profile of your Air Tag while adding a layer of vibrant, soft-touch silicone for a stylish look', 'Enhanced Grip: The textured surface offers a secure grip, preventing accidental slips and providing peace of mind in daily use', 'Versatile Compatibility: Designed specifically for Air Tag, our case offers precise cutouts, allowing easy access to functionalities', 'Rugged Protection: Safeguard your Air Tag from drops and scratches with our soft silicone case, designed for ultimate durability']","['https://m.media-amazon.com/images/I/41LxxdUSiKL.jpg', 'https://m.media-amazon.com/images/I/41ozNgIMTdL.jpg', 'https://m.media-amazon.com/images/I/41YG+QhJoYL.jpg', 'https://m.media-amazon.com/images/I/31oc7CEx93L.jpg', 'https://m.media-amazon.com/images/I/51+lTfm1hHL.jpg', 'https://m.media-amazon.com/images/I/31OrUxYKDPL.jpg', 'https://m.media-amazon.com/images/I/71Nt4y6migL.SS40_BG85,85,85_BR-120_PKdp-play-icon-overlay__.jpg']","[{'rank': 53, 'category': 'GPS Cases'}]","{'Brand': '\u200eechinff', 'Item Weight': '\u200e0.704 ounces', 'Package Dimensions': '\u200e4.8 x 3.07 x 0.75 inches', 'Color': '\u200eBlack x 4', 'Manufacturer': '\u200eechinff', 'ASIN': '\u200eB0CHFM5Q8B', 'Date First Available': '\u200eNovember 2, 2023'}"
B01JQQCTQQ,"walrfid Laptop Phone Screen Cleaner Kit, Computer Keyboard Brush Cleaning Spray for iPhone AirPods MacBook iPad, 20-in-1 Electronic Device Clean Tool for Camera Earbud Car Screens (White)",walrfid,12.91,$12.91,4.5,1006.0,In Stock,cleaning_equipment_172426,172426,https://www.amazon.com/dp/B01JQQCTQQ,2025-09-12T18:49:07.714555,"From the brand  











 




 Previous page  



   

   

   

   


 All in One Cleaning Kit  



 



   

   

   

   


 All in One Cleaning Kit  



 



   

   

   

   


 All in One Cleaning Kit  



 



   

   

   

   


 All in One Cleaning Kit  



 



   

   

   

   


 All in One Cleaning Kit  



 


 

 walrfid is a dynamic company founded by an avid fan of electronics.   Since I found that electronic products are easy to accumulate dust and dirt, I began to look for various products to clean electronic products. Thus, the walrfid brand was born.  



 


 



 


 



 


 



Next page","20 in 1 Keyboard Screen Cleaner Kit: The computer cleaning kit includes an Airpod cleaner pen, flocking sponge, mini soft brush, len brush, earphone case cleaning brush, and camera brush (All these brushes with the help of an extension rod which could use easier), screen cleaner spray, microfiber fiber cloth of the lid, retractable keyboard brush, keycap puller, shaft puller, air blower with 2 rods for extending, dual head brush (hard and soft bristle brush), card pickup pin. | Cleaning Pen for Airpod and Earbuds: Metal nip cleans that sticky and tough dirt hidden between crack and hole; Plush brush cleans the dust sticks on acoustic mesh, shallow holes, and crack; Charging hole cleaning soft brush and hard brush cleans the dust and dirt hidden in those deep holes that you can’t reach out with fingers. | Screen Cleaner Mist, Microfiber Fiber Cloth, and Card Pickup Pin for Electronics: They are cleaning, antistatic, and degreasing. Easy to remove the oil and fingerprint from the screens of cell phones, tablet PC, laptops, indicators, TVs; the glass of eyeglasses, and the lens and camera. The card removal pin makes it easy to pick up the card to avoid damaging your cell phone. | Retractable Brush and Key Remover for Clean Keyboard Keycap: Replacing keycaps and cleaning the bottom of the different keyboards is no hassle with the simple key puller. The high-density brush is large and firm enough to clean flat surfaces such as keyboards and desktops with less labor. The hard and soft bristle brush works on cleaning crevices on laptops and keyboards. | Camera Lens Cleaning Pen and Air Blower: Removes fingerprints, dust, and other debris on the lens of your phone and camera that may compromise your images. Works with almost all types of cameras (digital and film), as well as binoculars, telescopes, and other optical products.","https://m.media-amazon.com/images/I/41U0f04QfeL.jpg | https://m.media-amazon.com/images/I/51brwezGTEL.jpg | https://m.media-amazon.com/images/I/51QTYOjv51L.jpg | https://m.media-amazon.com/images/I/514WR1BrxIL.jpg | https://m.media-amazon.com/images/I/51VukNy1m6L.jpg | https://m.media-amazon.com/images/I/61QRNf-yEFL.SS40_BG85,85,85_BR-120_PKdp-play-icon-overlay__.jpg",,,,,,,,,,,B0CD21WCHP,,,,,,,,,,,,,,,,,,,,,,,,,,#12 in Camera & Photo Cleaning Kits,,,,,,,,,,,,,,,,,,,,,,,,,,,,,,,,,,,,,,,,,,,,,,,,,,,,,,,,,,,,"4.5  4.5 out of 5 stars    
    1,006 ratings   


 4.5 out of 5 stars",,,"July 28, 2023",,,,,,,,,,,,,,,,,,,,,,,,,,,,,,,,,,,,,,,,,,,,,,,,,,,,,,,,,,,,,,,,,,,,,,,,,,,,,,,,,,,,,,,,,,,,,20in1 White,,,,,,,5.3 ounces,,,,,,,,,,,,,,,,,,,,walrfid,,,,,,,,,,,,,,,,,,,,,,,,,,,,,,,,,,,,,,,,,,,,,,,,,,,,,,,,,,,,,,,,,,,,,,,,,,,,,,,,,,,,,,,,,,,,,,,,,,,,,,,,,,,,,,,,,,,,,2.36 x 2.36 x 3.58 inches,,,,,,,,,,,,,,,,,,,,,,,,,,,,,,,,,,,,,,,,,,,,,,,,,,,,,,,,,,,,,,,,,,,,,,,,,,,,,,,,,,,,,,,,,,,,,,,,,,,,,,,,,,,,,,,,,"Camera & Photo Cleaning Kits       Date First Available   July 28, 2023     Manufacturer   walrfid          Warranty & Support   Product Warranty: For warranty information about this product, please click here      Feedback",12.0,,,,,"['20 in 1 Keyboard Screen Cleaner Kit: The computer cleaning kit includes an Airpod cleaner pen, flocking sponge, mini soft brush, len brush, earphone case cleaning brush, and camera brush (All these brushes with the help of an extension rod which could use easier), screen cleaner spray, microfiber fiber cloth of the lid, retractable keyboard brush, keycap puller, shaft puller, air blower with 2 rods for extending, dual head brush (hard and soft bristle brush), card pickup pin.', 'Cleaning Pen for Airpod and Earbuds: Metal nip cleans that sticky and tough dirt hidden between crack and hole; Plush brush cleans the dust sticks on acoustic mesh, shallow holes, and crack; Charging hole cleaning soft brush and hard brush cleans the dust and dirt hidden in those deep holes that you can’t reach out with fingers.', 'Screen Cleaner Mist, Microfiber Fiber Cloth, and Card Pickup Pin for Electronics: They are cleaning, antistatic, and degreasing. Easy to remove the oil and fingerprint from the screens of cell phones, tablet PC, laptops, indicators, TVs; the glass of eyeglasses, and the lens and camera. The card removal pin makes it easy to pick up the card to avoid damaging your cell phone.', 'Retractable Brush and Key Remover for Clean Keyboard Keycap: Replacing keycaps and cleaning the bottom of the different keyboards is no hassle with the simple key puller. The high-density brush is large and firm enough to clean flat surfaces such as keyboards and desktops with less labor. The hard and soft bristle brush works on cleaning crevices on laptops and keyboards.', 'Camera Lens Cleaning Pen and Air Blower: Removes fingerprints, dust, and other debris on the lens of your phone and camera that may compromise your images. Works with almost all types of cameras (digital and film), as well as binoculars, telescopes, and other optical products.']","['https://m.media-amazon.com/images/I/41U0f04QfeL.jpg', 'https://m.media-amazon.com/images/I/51brwezGTEL.jpg', 'https://m.media-amazon.com/images/I/51QTYOjv51L.jpg', 'https://m.media-amazon.com/images/I/514WR1BrxIL.jpg', 'https://m.media-amazon.com/images/I/51VukNy1m6L.jpg', 'https://m.media-amazon.com/images/I/61QRNf-yEFL.SS40_BG85,85,85_BR-120_PKdp-play-icon-overlay__.jpg']","[{'rank': 12, 'category': 'Camera & Photo Cleaning Kits       Date First Available   July 28, 2023     Manufacturer   walrfid          Warranty & Support   Product Warranty: For warranty information about this product, please click here      Feedback'}]","{'Product Dimensions': '2.36 x 2.36 x 3.58 inches', 'Item Weight': '5.3 ounces', 'ASIN': 'B0CD21WCHP', 'Item model number': '20in1 White', 'Customer Reviews': '4.5  4.5 out of 5 stars    \n    1,006 ratings   \n\n\n 4.5 out of 5 stars', 'Best Sellers Rank': '#12 in Camera & Photo Cleaning Kits', 'Date First Available': 'July 28, 2023', 'Manufacturer': 'walrfid'}"
B0DSHVS56G,"Fuse Reel The Side Kick Collapsible Charger Organizer and Travel Accessory,Usb-c, Compatible with MacBook and PC Charging Cords and Adapter Cable Management White",Fuse,14.99,$14.99,4.5,1471.0,In Stock,cord_reels_495306,495306,https://www.amazon.com/dp/B0DSHVS56G,2025-09-13T09:21:25.037984,"From the brand  











 




 Previous page  



   

   

   

   


 Cable Management    Visit the Store   



 


 



 



 How did we get our start?   We got our start in 2017 in the basement of a university house, with a 3D printer creating prototypes of what would become our first product, The Side Winder. Thatwas the answer to a first-hand frustration felt by our founder, Logan Bailey, after repeatedly stuffing his MacBook charger into his backpack, and wondering if there was a better solution.  

 What makes our products unique?   All FUSE products are designed in-house, from scratch, by a passionate team of creators. As techies and brand snobs ourselves, we create products that we want and would be proud to use.   




 



   

   

   

   


 Video Lights Designed for you    Visit the Store   



Next page","Travel Organizer: The Sidekick is the best computer cable accessory for traveling and portable laptop use | Compact: Collapsible design keeps your electronics bag organized and tech accessories managed. | Fast: Replaces the Mac adapter clips and allows you to quickly wind your MacBook charging cable in under 5 seconds. | Compatible: Apple Chargers: 60W, 61W/67W USB-C, 70W, 85W, 87W/96W USB-C, 140W Magsafe and PC Chargers | Not Compatible: Not recommended for charging bricks smaller than 2.5 x 2.5 in / 65 x 65 mm",https://m.media-amazon.com/images/I/31dcPg0skcL.jpg | https://m.media-amazon.com/images/I/3135qOA2CKL.jpg | https://m.media-amazon.com/images/I/41L4IONDZ5L.jpg | https://m.media-amazon.com/images/I/41NHboi7bZL.jpg | https://m.media-amazon.com/images/I/41kaBFP+tZL.jpg | https://m.media-amazon.com/images/I/41kcRTs570L.jpg | https://m.media-amazon.com/images/I/B1AlwAeXAGL.SS125_PKplay-button-mb-image-grid-small_.png,,,,,,,,,,,,,,,,,,,,,,,,,,,,,‎No,,‎No,,,,,,,,,,,,,,,,,,,,,,,,,,,,,,,,,,,,,,,,,,‎White,,,,,,,,,,,,,,,,,,,,,,,,,,,,,,,,,,,,,,,,,,,,,,,,,,,,,,,,,,,,,,,,,,,,,,,,,,,,,,,,,,,,,,,,,,,,,,‎Adhesive,,,,,,,,,,,,,,,,,,,,,,,,,,‎FUSE-SK-WHT,,,,,,,‎0.95 ounces,,,,,,,,,,,,,,,,,,,,‎Fuse Reel,,,,,,,,,,,,,,,,,,,,,,,,,,,,,,,,,,,,,,,,,,‎Wall Mount,,,,,,,,,,,,,,,,,,,,,,,,,,,,,,,,,,,,,,,,,,,,,,,,,,,,,,,,,,‎SK-WHT,,,,,,,,,,‎Corded Electric,,,,,,,‎2.7 x 2.7 x 0.4 inches,,,,,,,,,,,,,,,,,,,,,,,,,,,,,,,,,,,,,,,,,,,,‎Travel,,,,,,,,,,,,‎Macbook,,,,,,,,,,,,,,,,,,,,,,,,,,,,,,,,,,,,,,,,,‎60 watts,,,,,,,,,,,,,,,,Electronics,21616.0,"Cord Reels       Date First Available   July 17, 2019",34.0,,,"['Travel Organizer: The Sidekick is the best computer cable accessory for traveling and portable laptop use', 'Compact: Collapsible design keeps your electronics bag organized and tech accessories managed.', 'Fast: Replaces the Mac adapter clips and allows you to quickly wind your MacBook charging cable in under 5 seconds.', 'Compatible: Apple Chargers: 60W, 61W/67W USB-C, 70W, 85W, 87W/96W USB-C, 140W Magsafe and PC Chargers', 'Not Compatible: Not recommended for charging bricks smaller than 2.5 x 2.5 in / 65 x 65 mm']","['https://m.media-amazon.com/images/I/31dcPg0skcL.jpg', 'https://m.media-amazon.com/images/I/3135qOA2CKL.jpg', 'https://m.media-amazon.com/images/I/41L4IONDZ5L.jpg', 'https://m.media-amazon.com/images/I/41NHboi7bZL.jpg', 'https://m.media-amazon.com/images/I/41kaBFP+tZL.jpg', 'https://m.media-amazon.com/images/I/41kcRTs570L.jpg', 'https://m.media-amazon.com/images/I/B1AlwAeXAGL.SS125_PKplay-button-mb-image-grid-small_.png']","[{'rank': 21616, 'category': 'Electronics'}, {'rank': 34, 'category': 'Cord Reels       Date First Available   July 17, 2019'}]","{'Manufacturer': '\u200eFuse Reel', 'Part Number': '\u200eSK-WHT', 'Item Weight': '\u200e0.95 ounces', 'Product Dimensions': '\u200e2.7 x 2.7 x 0.4 inches', 'Item model number': '\u200eFUSE-SK-WHT', 'Color': '\u200eWhite', 'Style': '\u200eMacbook', 'Power Source': '\u200eCorded Electric', 'Wattage': '\u200e60 watts', 'Mounting Type': '\u200eWall Mount', 'Special Features': '\u200eTravel', 'Included Components': '\u200eAdhesive', 'Batteries Included?': '\u200eNo', 'Batteries Required?': '\u200eNo'}"
B09YH2HPD3,"Yealink WH64 Mono Teams Wireless Headset, DECT & Bluetooth Dual-Mode 606 ft Range Headphones with 3X Mic, 26 Talk Time, Office Work Headset for Desk IP Phone, PC,Cell Phone",Yealink,179.0,$179.00,4.1,147.0,In Stock,telephone_accessories_172607,172607,https://www.amazon.com/dp/B09YH2HPD3,2025-09-13T07:38:33.696988,"Product description  

 
 


 
     
The video showcases the product in use.The video guides you through product setup.The video compares multiple products.The video shows the product being unpacked.Video Player is loading.Click to play videoPlayMuteCurrent Time 0:00/Duration 0:58Loaded: 10.36%0:00Stream Type LIVESeek to live, currently behind liveLIVERemaining Time -0:58 1xPlayback RateChaptersChaptersDescriptionsdescriptions off, selectedCaptionscaptions off, selectedAudio Trackdefault, selectedFullscreenThis is a modal window. hero-video Merchant Video

     

         

         

   Previous page 
   
 
   
 
   
Next page   
















      

   Previous page 
   
 
   
 
   
 
   
Next page   



















      

   Previous page 
   
 
   
Next page   













      


 Yealink WH6X DECT Wireless Headset   
       WH64 Wireless Headset    
    
 Add to Cart  
 
     WH64 Hybrid Headset    
    
 Add to Cart  
 
     WH64 Hybrid with Stand    
    
 Add to Cart  
 
     WH62 DECT Headset    
    
 Add to Cart  
 
     Yealink WH62 Portable    
    
 Add to Cart  
 
    
 Customer Reviews  
  


4.1 out of 5 stars 147 
   


4.3 out of 5 stars 80 
   


4.2 out of 5 stars 78 
   


4.3 out of 5 stars 105 
   


4.3 out of 5 stars 61 
     
 Price  
  
$179.00$179.00 
  
$149.99$149.99 
  
$139.99$139.99 
  
$149.99$149.99 
  
$139.99$139.99 
    
 Connectivity Tech  
  
                                                DECT & Bluetooth    
  
                                                DECT Dongle & Bluetooth    
  
                                                DECT Dongle & Bluetooth    
  
                                                DECT    
  
                                                DECT Dongle    
    
 Noise Cancalling Mic  
  
                                                3X    
  
                                                3X    
  
                                                3X    
  
                                                2X    
  
                                                2X    
    
 Wireless Range (up to)  
  
                                                606 ft/185m    
  
                                                492ft/150m    
  
                                                492ft/150m    
  
                                                525ft/160m    
  
                                                394ft/120m    
    
 Teams/UC Certified  
  
                                             
                                                    ✔       
  
                                             
                                                    ✔       
  
                                             
                                                    ✔       
  
                                             
                                                    ✔       
  
                                             
                                                    ✔       
    
 Call Control & Busylight  
  
                                             
                                                    ✔       
  
                                             
                                                    ✔       
  
                                             
                                                    ✔       
  
                                             
                                                    ✔       
  
                                             
                                                    ✔       
    
 Talk Time (up to)  
  
                                                32(dual)/26(mono) hrs    
  
                                                32(dual)/26(mono) hrs    
  
                                                32(dual)/26(mono) hrs    
  
                                                14(dual)/13(mono) hrs    
  
                                                13(dual)/10(mono) hrs","606 Ft DECT&BT Headset : Dect & Bluetooth dual-mode wireless headset, enabling seamless plug-and-play applications in multi-devices (IP phone, PC, Cell phone). DECT Tech bring superior 606 ft long range, higher density, and safer calls. | Noise-cancellation Headset: 3x noise cancelling mic and Acoustic Shield Tech 2.0, auto-block background noise. Advanced stereo tech delivers full dynamic sound quality, and achieves immersive & interactive communication. | Extended Battery Life: Headset with DECT base offers extended talk time, Bluetooth mode-26H (mono), 32 H (dual), DECT mode-14H (mono), 16H (dual),1.5H fast charging time. On ear headset can perform energetically after a short break. | Ergo Work Headphones: Ergonomically designed adjustable headband, nano breathable and soft material to minimize ear pressure. Visual busylight office phone headset ensures you stay focused on your conversation without interruptions. | Yealink Teams/UC Certified Headset: Yealink Manufacturer offer 2-year , backed by professional customer service and a technical team, that aims to provide better services. | Part Desk Phone Compatible List--Connect via USB Cable, Yealink:T58W,T54W,T57W,T53,T44W,T34W,T43U,T46U,T48U,MP56/58/54; 3-Party Phone: GXP2170/2624; 8861; VVX350/401/411/450/600; J189. Connect via EHS62 / Telephone Cable Optional Accessories, Yealink: T27G,T29G,T4XG; 3-Party Phone: VVX311/310/400/410/250; 8851,7962,6945,7821,6871; 6867i; 9608,9621G,J139/179/189;","https://m.media-amazon.com/images/I/31OcXx0tqnL.jpg | https://m.media-amazon.com/images/I/41zab5Q-kKL.jpg | https://m.media-amazon.com/images/I/41ADkL1NffL.jpg | https://m.media-amazon.com/images/I/41SQKB5fiTL.jpg | https://m.media-amazon.com/images/I/41U68GOcWPL.jpg | https://m.media-amazon.com/images/I/41oTRpfpXaL.jpg | https://m.media-amazon.com/images/I/51RdfY9fvPL.SS40_BG85,85,85_BR-120_PKdp-play-icon-overlay__.jpg",,,,,Adult,,,,,,B0D3DHPXFL,,,,,,,Dynamic Driver,,,,,,,,,,,,,,,,,,,#24 in Telephone Headsets,50 Meters,5.2,,,,,,,,,,,,Without Cable,,,,,,,,,,,,[PO] Leather,,,,,,1.5 Hours,,,,,,,,,,"Part Desk Phone Compatible List--Connect via USB Cable, Yealink:T58W,T54W,T57W,T53,T44W,T34W,T43U,T46U,T48U,MP56/58/54; 3-Party Phone: GXP2170/2624; 8861; VVX350/401/411/450/600; J189. Connect via EHS62 / Telephone Cable Optional Accessories, Yealink: T27G,T29G,T4XG; 3-Party Phone: VVX311/310/400/410/250; 8851,7962,6945,7821,6871; 6867i; 9608,9621G,J139/179/189;",,,,,,Wireless,,,,,Touch,Touch Control,Button,,,,,"4.1  4.1 out of 5 stars    
    147 ratings   


 4.1 out of 5 stars",,,"June 30, 2024",,,,,,,,,,,,,,,Circle,,,,,,,,,,,,,,,,,,,,,,,,,,,,,,,,,,,,,,,,,,,,,,,,,,,,"1* 1.2m USB C to USB A cable+1* 0.8m Micro USB to USB A cable, Drawstring Bag & User Manual, Dual or Mono Headset, Power Adapter, WHB640 Base",,,,,,,,,,,,,,,,,,,,,,,,,,WH64,,,,,,,1.61 pounds,,,,,,,,,,,,,,,,,,,,YEALINK,,,,,Leather,,,,,,,,,,,,,,,,,,,,,,,,,,,,,,,,,WH64 Mono-Teams,,,,,,,,,,,,,,,,,,,,,1,,,,,,,,,,,,,,,,,,,,,,,,,,,,,,,9.45 x 7.72 x 4.02 inches,,,,,,,,,,,,,,,,,,,,,,,,,,,,,,,,,,,,,,,,,,,,,,,,,,,,,,,,,,,,,,,,,,,,,,"1.5 hrs Fast Charging, 3x Noise Cancellation Mic, Adjustable Headband, DECT & Bluetooth Dual Mode Tech, Touch Control",,,Business,,,,,,,,,,WH64-Mono-Teams,,,,,,,,,,,,,,,,,,,,,,,,,,,,,,841885123459,,,,,,,,,,,,,,,,,,,,DECT & Bluetooth,,,,,,,"Telephone Headsets       Date First Available   June 30, 2024          Warranty & Support   Product Warranty: For warranty information about this product, please click here      Feedback",24.0,,,,,"['606 Ft DECT&BT Headset : Dect & Bluetooth dual-mode wireless headset, enabling seamless plug-and-play applications in multi-devices (IP phone, PC, Cell phone). DECT Tech bring superior 606 ft long range, higher density, and safer calls.', 'Noise-cancellation Headset: 3x noise cancelling mic and Acoustic Shield Tech 2.0, auto-block background noise. Advanced stereo tech delivers full dynamic sound quality, and achieves immersive & interactive communication.', 'Extended Battery Life: Headset with DECT base offers extended talk time, Bluetooth mode-26H (mono), 32 H (dual), DECT mode-14H (mono), 16H (dual),1.5H fast charging time. On ear headset can perform energetically after a short break.', 'Ergo Work Headphones: Ergonomically designed adjustable headband, nano breathable and soft material to minimize ear pressure. Visual busylight office phone headset ensures you stay focused on your conversation without interruptions.', 'Yealink Teams/UC Certified Headset: Yealink Manufacturer offer 2-year , backed by professional customer service and a technical team, that aims to provide better services.', 'Part Desk Phone Compatible List--Connect via USB Cable, Yealink:T58W,T54W,T57W,T53,T44W,T34W,T43U,T46U,T48U,MP56/58/54; 3-Party Phone: GXP2170/2624; 8861; VVX350/401/411/450/600; J189. Connect via EHS62 / Telephone Cable Optional Accessories, Yealink: T27G,T29G,T4XG; 3-Party Phone: VVX311/310/400/410/250; 8851,7962,6945,7821,6871; 6867i; 9608,9621G,J139/179/189;']","['https://m.media-amazon.com/images/I/31OcXx0tqnL.jpg', 'https://m.media-amazon.com/images/I/41zab5Q-kKL.jpg', 'https://m.media-amazon.com/images/I/41ADkL1NffL.jpg', 'https://m.media-amazon.com/images/I/41SQKB5fiTL.jpg', 'https://m.media-amazon.com/images/I/41U68GOcWPL.jpg', 'https://m.media-amazon.com/images/I/41oTRpfpXaL.jpg', 'https://m.media-amazon.com/images/I/51RdfY9fvPL.SS40_BG85,85,85_BR-120_PKdp-play-icon-overlay__.jpg']","[{'rank': 24, 'category': 'Telephone Headsets       Date First Available   June 30, 2024          Warranty & Support   Product Warranty: For warranty information about this product, please click here      Feedback'}]","{'Model Name': 'WH64 Mono-Teams', 'Connectivity Technology': 'Wireless', 'Wireless Communication Technology': 'DECT & Bluetooth', 'Included Components': '1* 1.2m USB C to USB A cable+1* 0.8m Micro USB to USB A cable, Drawstring Bag & User Manual, Dual or Mono Headset, Power Adapter, WHB640 Base', 'Age Range (Description)': 'Adult', 'Material': 'Leather', 'Specific Uses For Product': 'Business', 'Charging Time': '1.5 Hours', 'Compatible Devices': 'Part Desk Phone Compatible List--Connect via USB Cable, Yealink:T58W,T54W,T57W,T53,T44W,T34W,T43U,T46U,T48U,MP56/58/54; 3-Party Phone: GXP2170/2624; 8861; VVX350/401/411/450/600; J189. Connect via EHS62 / Telephone Cable Optional Accessories, Yealink: T27G,T29G,T4XG; 3-Party Phone: VVX311/310/400/410/250; 8851,7962,6945,7821,6871; 6867i; 9608,9621G,J139/179/189;', 'Control Type': 'Touch Control', 'Cable Feature': 'Without Cable', 'Style': 'WH64-Mono-Teams', 'Control Method': 'Touch', 'Number of Items': '1', 'Controller Type': 'Button', 'Audio Driver Type': 'Dynamic Driver', 'Bluetooth Range': '50 Meters', 'Bluetooth Version': '5.2', 'Carrying Case Material': '[PO] Leather', 'Earpiece Shape': 'Circle', 'UPC': '841885123459', 'Special Feature': '1.5 hrs Fast Charging, 3x Noise Cancellation Mic, Adjustable Headband, DECT & Bluetooth Dual Mode Tech, Touch Control', 'Manufacturer': 'YEALINK', 'Package Dimensions': '9.45 x 7.72 x 4.02 inches', 'Item Weight': '1.61 pounds', 'ASIN': 'B0D3DHPXFL', 'Item model number': 'WH64', 'Customer Reviews': '4.1  4.1 out of 5 stars    \n    147 ratings   \n\n\n 4.1 out of 5 stars', 'Best Sellers Rank': '#24 in Telephone Headsets', 'Date First Available': 'June 30, 2024'}"
B0BB9MR9YQ,FocusFoto PRO 6.6 Inch Rubber Rocket Air Blower Duster Cleaner Dust Cleaning for DSLR Camera CCD Lens Keyboard Red,FocusFoto,8.98,$8.98,4.6,434.0,In Stock,cleaning_equipment_172426,172426,https://www.amazon.com/dp/B0BB9MR9YQ,2025-09-12T18:50:13.340152,Specification:Shape：RocketColor: Blower: Black; Nozzle: RedSize: 16.8x 6cm/6.6x 2.36inWeight: 70g Package included:1 x Rocket-Shaped Air Blower,"Natural and environmentally friendly and non-toxic. Shape Rocket Style Design, that is so cool！ | The function of this blower is to gently remove dust & erase smudges from delicate equipment without leaving residue. | Air inlet valve design prevents air back flow from nozzle. Detachable supper air stream air nozzle. Tripod base design provides free-standing function. | Excellent way to remove dust off sensitive camera parts without physical contact. | Perfect for cleaning digital SLR, SLR, digital camera lens, binocular lens, and telescope lens, filters, musical instruments, computers, keyboards, cellphone, etc.",https://m.media-amazon.com/images/I/31749OiMQRL.jpg | https://m.media-amazon.com/images/I/41hTOkI2UuL.jpg | https://m.media-amazon.com/images/I/41Yiccp+GrL.jpg | https://m.media-amazon.com/images/I/41jADn23rNL.jpg | https://m.media-amazon.com/images/I/41wF0pucnzL.jpg | https://m.media-amazon.com/images/I/41iLDyze4JL.jpg | https://m.media-amazon.com/images/I/41AIJWuUQxL.jpg,,,,,,,,,,,B07B9W8DPF,,,,,,,,,,,,,,,,,,,,,,,,,,#17 in Camera & Photo Cleaning Kits,,,,,,,,,,,,,,,,,,,,,,,,,,,,,,,,,,,,,,,,,,,,,,,,,,,,,,,,,,,,"4.6  4.6 out of 5 stars    
    434 ratings   


 4.6 out of 5 stars",,,"March 8, 2018",,,,,,,,,,,,,,,,,,,,,,,,,,,,,,,,,,,,,,,,,,,,,,,,,,,,,,,,,,,,,,,,,,,,,,,,,,,,,,,,,No,,,,,,,,,,,,SUNAQ043_R,,,,,,,2.47 ounces,,,,,,,,,,,,,,,,,,,,FocusFoto,,,,,,,,,,,,,,,,,,,,,,,,,,,,,,,,,,,,,,,,,,,,,,,,,,,,,,,,,,,,,,,,,,,,,,,,,,,,,,,,,,,,,,,,,,,,,,,,,,,,,,,,,,,,,,,,,,,,,2.36 x 2.36 x 6.6 inches,,,,,,,,,,,,,,,,,,,,,,,,,,,,,,,,,,,,,,,,,,,,,,,,,,,,,,,,,,,,,,,,,,,,,,,,,,,,,,,,,,,,,,,,,,,,,,,,,,,,,,,,,,,,,,,,,"Camera & Photo Cleaning Kits       Is Discontinued By Manufacturer   No     Date First Available   March 8, 2018     Manufacturer   FocusFoto          Warranty & Support   Product Warranty: For warranty information about this product, please click here      Feedback",17.0,,,,,"['Natural and environmentally friendly and non-toxic. Shape Rocket Style Design, that is so cool！', 'The function of this blower is to gently remove dust & erase smudges from delicate equipment without leaving residue.', 'Air inlet valve design prevents air back flow from nozzle. Detachable supper air stream air nozzle. Tripod base design provides free-standing function.', 'Excellent way to remove dust off sensitive camera parts without physical contact.', 'Perfect for cleaning digital SLR, SLR, digital camera lens, binocular lens, and telescope lens, filters, musical instruments, computers, keyboards, cellphone, etc.']","['https://m.media-amazon.com/images/I/31749OiMQRL.jpg', 'https://m.media-amazon.com/images/I/41hTOkI2UuL.jpg', 'https://m.media-amazon.com/images/I/41Yiccp+GrL.jpg', 'https://m.media-amazon.com/images/I/41jADn23rNL.jpg', 'https://m.media-amazon.com/images/I/41wF0pucnzL.jpg', 'https://m.media-amazon.com/images/I/41iLDyze4JL.jpg', 'https://m.media-amazon.com/images/I/41AIJWuUQxL.jpg']","[{'rank': 17, 'category': 'Camera & Photo Cleaning Kits       Is Discontinued By Manufacturer   No     Date First Available   March 8, 2018     Manufacturer   FocusFoto          Warranty & Support   Product Warranty: For warranty information about this product, please click here      Feedback'}]","{'Product Dimensions': '2.36 x 2.36 x 6.6 inches', 'Item Weight': '2.47 ounces', 'ASIN': 'B07B9W8DPF', 'Item model number': 'SUNAQ043_R', 'Customer Reviews': '4.6  4.6 out of 5 stars    \n    434 ratings   \n\n\n 4.6 out of 5 stars', 'Best Sellers Rank': '#17 in Camera & Photo Cleaning Kits', 'Is Discontinued By Manufacturer': 'No', 'Date First Available': 'March 8, 2018', 'Manufacturer': 'FocusFoto'}"
B075K3724X,Eartec 3.7V Rechargeable Lithium Ion Battery for Ultralite headsets and HUB Stations (LX600LI),EARTEC,22.0,$22.00,4.6,242.0,In Stock,headsets_229193,229193,https://www.amazon.com/dp/B075K3724X,2025-09-13T13:52:19.385320,"The Eartec Rechargeable 3.7V Lithium-Ion Battery is designed for use with the UltraLITE wireless headsets, and HUB systems. This lightweight battery is about the size of a match book, and is installed directly into the headset. Since the battery is Li-ion, it doesn't need to be drained, nor will it develop memory issues.","For UltraLITE, UltraLITE HD, HUB, and UltraPak systems | Up to 6 hours of usage | Approximate 3 hour charge time | Works with Eartec's 2-, 8-, or 10-bay chargers",https://m.media-amazon.com/images/I/41NZo0hgQaL.jpg | https://m.media-amazon.com/images/I/4164iMeHTTL.jpg | https://m.media-amazon.com/images/I/41Jv1rtXTQL.jpg,,,,,,,,,,,B01L0HF8P8,,,,,,,,,,,,,,,,1 Lithium Ion batteries required.,,,,,,,,,,#78 in Telephone Headsets,,,,,,,,,,,,,,,,,,,,,,,,,,,,,,,,,,,,,,,,,,,,,,,,,,,,,,,,,,,,"4.6  4.6 out of 5 stars    
    242 ratings   


 4.6 out of 5 stars",,,"August 25, 2016",,,,,,,,,,,,,,,,,,,,,,,,,,,,,,,,,,,,,,,,,,,,,,,,,,,,,,,,,,,,,,,,,,,,,,,,,,,,,,,,,No,,,,,,,,,,,,LX600LI,,,,,,,0.01 ounces,,,,,,,,,,,,,,,,,,,,Eartec,,,,,,,,,,,,,,,,,,,,,,,,,,,,,,,,,,,,,,,,,,,,,,,,,,,,,,,,,,,,,,,,,,,,,,,,,,,,,,,,,Wireless,,,,,,,,,,,,,,,,,,,,,,,,,,,,,,,,,,,,14 x 6 x 6 inches,,,,,,,,,,,,,,,,,,,,,,,,,,,,,,,,,,,,,,,,,,,,,,,,,,,,,,,,,,,,,,,,,,,,,,,,,,,,,,,,,,,,,,,,,,,,,,,,,,,,,,,,,,,,,,,,,"Telephone Headsets       Is Discontinued By Manufacturer   No      Other display features    Wireless     Manufacturer   Eartec     Date First Available   August 25, 2016          Warranty & Support   Product Warranty: For warranty information about this product, please click here      Feedback",78.0,,,,,"['For UltraLITE, UltraLITE HD, HUB, and UltraPak systems', 'Up to 6 hours of usage', 'Approximate 3 hour charge time', ""Works with Eartec's 2-, 8-, or 10-bay chargers""]","['https://m.media-amazon.com/images/I/41NZo0hgQaL.jpg', 'https://m.media-amazon.com/images/I/4164iMeHTTL.jpg', 'https://m.media-amazon.com/images/I/41Jv1rtXTQL.jpg']","[{'rank': 78, 'category': 'Telephone Headsets       Is Discontinued By Manufacturer   No      Other display features    Wireless     Manufacturer   Eartec     Date First Available   August 25, 2016          Warranty & Support   Product Warranty: For warranty information about this product, please click here      Feedback'}]","{'Product Dimensions': '14 x 6 x 6 inches', 'Item Weight': '0.01 ounces', 'ASIN': 'B01L0HF8P8', 'Item model number': 'LX600LI', 'Batteries': '1 Lithium Ion batteries required.', 'Customer Reviews': '4.6  4.6 out of 5 stars    \n    242 ratings   \n\n\n 4.6 out of 5 stars', 'Best Sellers Rank': '#78 in Telephone Headsets', 'Is Discontinued By Manufacturer': 'No', 'Other display features': 'Wireless', 'Manufacturer': 'Eartec', 'Date First Available': 'August 25, 2016'}"
B099K9HXKB,Replacement Controller Battery Covers for META Quest 3 3/S (Bambu Green),Generic,14.99,$14.99,4.8,0.0,This item cannot be shipped to your selected delivery location. Please choose a different delivery location.,virtual_reality_(vr)_headsets_14775002011,14775002011,https://www.amazon.com/dp/B099K9HXKB,2025-09-13T05:33:23.925229,"REPLACEMENT CONTROLLER BATTERY COVERS FOR META QUEST 3 3/S Comes with Both left and right controller battery cover. (THIS IS NOT A META BRAND PRODUCT) (if you prefer a color choice other then the default white, please leave a note, or message me stating your preference, thanks.) (SHIPS WITHIN 1 BUSINESS DAY)","(THIS IS NOT A META BRAND PRODUCT) (if you prefer a color choice other then the default white, please leave a note, or message me stating your preference, thanks.)",https://m.media-amazon.com/images/I/41MesHHU0TL.jpg,,,,,,,,,,,B0FHGRHZ98,,,,,,,,,,,,,,,,,,,,,,,,,,"#82,985 in Cell Phones & Accessories (See Top 100 in Cell Phones & Accessories) #89 in Cell Phone Virtual Reality (VR) Headsets",,,,,,,,,,,,,,,,,,,,,,,,,,,,,,,,,,,,,,,,,,,,,,,,,,,,,,,,,,,,,,,"July 14, 2025",,,,,,,,,,,,,,,,,,,,,,,,,,,,,,,,,,,,,,,,,,,,,,,,,,,,,,,,,,,,,,,,,,,,,,,,,,,,,,,,,,,,,,,,,,,,,,,,,,,,,,,,,,,,,,,,,,,,,,,,Generic,,,,,,,,,,,,,,,,,,,,,,,,,,,,,,,,,,,,,,,,,,,,,,,,,,,,,,,,,,,,,,,,,,,,,,,,,,,,,,,,,,,,,,,,,,,,,,,,,,,,,,,,,,,,,,,,,,,,,,,,,,,,,,,,,,,,,,,,,,,,,,,,,,,,,,,,,,,,,,,,,,,,,,,,,,,,,,,,,,,,,,,,,,,,,,,,,,,,,,,,,,,,,,,,,,,,,,,,,,,,,,,,,,,,,,Cell Phones & Accessories,82985.0,Cell Phone Virtual Reality,89.0,,,"['(THIS IS NOT A META BRAND PRODUCT) (if you prefer a color choice other then the default white, please leave a note, or message me stating your preference, thanks.)']",['https://m.media-amazon.com/images/I/41MesHHU0TL.jpg'],"[{'rank': 82985, 'category': 'Cell Phones & Accessories'}, {'rank': 89, 'category': 'Cell Phone Virtual Reality'}]","{'ASIN': 'B0FHGRHZ98', 'Best Sellers Rank': '#82,985 in Cell Phones & Accessories (See Top 100 in Cell Phones & Accessories) #89 in Cell Phone Virtual Reality (VR) Headsets', 'Date First Available': 'July 14, 2025', 'Manufacturer': 'Generic'}"
B01B0TX6UA,UES FFR24: Full Frame Camera Cleaning Kit 14pcs Sensor Cleaning Swab and 15ml Cleaner Compatible for Sony Nikon Canon FF CCD CMOS Clean,UES,19.0,$19.00,4.7,3902.0,In Stock,cleaning_equipment_172426,172426,https://www.amazon.com/dp/B01B0TX6UA,2025-09-12T18:52:47.518317,"Product description  




   

   Invest in the Best - Choose UES:   Count on the UES FFR24 Full Frame Camera Sensor Cleaning Kit to consistently deliver dependable results, helping you enjoy a seamless photography experience every time you shoot.   With the UES camera cleaning tools, you can trust that your valuable optics will always be in top-notch condition. Capture stunning moments with clear, sharp visuals, thanks to our reliable and easy-to-use camera cleaning tools. Whether you are a professional photographer or an outdoor enthusiast, UES is your go-to solution for maintaining pristine optics.    




 

 Alcohol-Free Sensor Cleaner    UES sensor cleaner is compliant with the EU REACH regulation, and the REACH Certificate of Compliance is issued by SGS.UES sensor cleaner is alcohol-free and ammonia-free.The liquid cleaner is ultrapure water-based with a resistivity of 18.2 MΩ × cm.It is safe for all coatings and can be used for cleaning both CMOS and CCD sensorsIt can effectively remove fingerprints, stains, smudges, and dust on any sensors without leaving a streak behind  








 

  Full-Frame Sensor Cleaning Swabs    UES full-frame sensor cleaning swab is compatible with the camera sensor ≤ 24 mm.UES swab is super soft and flexible. The head of the swab is completely covered with a super fine microfiber cloth. It will not damage delicate optical surfaces.Every swab is produced in a class 100 cleanroom and packed in a vacuum-sealed package.It is easy to store and take away anywhere when you need it.  





 
  Before Start Your Sensor Cleaning Process     Make sure your camera’s battery is 100% fully charged.For the reflex camera, make sure to lock up the mirror before cleaning the sensor.Make sure to use an air blower to remove loose dust from the sensor first.    


 Sensor Cleaning Instruction  


 
  Have the Swab Ready    Open one end of the swab package and remove the swab.  


 
  Sensor Cleaner Application    Dispense 1-2 drops of cleaner to the edge of the swab.  


 
  Swipe in a Single Constant Motion    Swipe from one end of the sensor to the other end with a single constant motion. Turn the swab around and swipe back.  















 

                                                  FFR-24 





 

                                                  APSC-16 





 

                                                  M43-12 





 

                                                  APSC-30 





 

                                                  FFR-30 






 
    
 Add to Cart  
 


 
    
 Add to Cart  
 


 
    
 Add to Cart  
 


 
    
 Add to Cart  
 


 
    
 Add to Cart  
 




 Customer Reviews  
 


4.7 out of 5 stars 3,902 
   


4.7 out of 5 stars 3,387 
   


4.5 out of 5 stars 420 
   


4.5 out of 5 stars 148 
   


4.7 out of 5 stars 3,902 
  


 Price  
 $19.00$19.00   $18.00$18.00   $16.99$16.99   $15.99$15.99   $21.00$21.00  


 Type of Sensor  
  Full-Frame      APS-C      Micro Four-Thirds      APS-C      Full-Frame    


 Swab Size  
  24mm      16mm      12mm      16mm      24mm    


 No. of Swabs  
  14pcs      14pcs      14pcs      30pcs      30pcs    


 Sensor Cleaner  
 
                                              ✓
                                             
                                              ✓
                                             
                                              ✓
                                              X      X","Comprehensive Kit: UES FFR24 Full Frame Camera Sensor Cleaning Kit includes a 15ml of sensor cleaner and 14 high-quality full-frame swabs. It provides a complete cleaning solution for your sensor maintenance needs. | Gentle and Safe: Engineered with precision, our alcohol-free sensor cleaner ensures safe and effective sensor cleaning, effectively removing dust and smudges without risking damage to your valuable equipment. Each 24mm full-frame sensor cleaning swab is vacuum-sealed, guaranteeing a dust-free and contamination-free cleaning experience every time. | Travel-Friendly: The compact and portable design of the kit allows you to take it with you on photography trips. Don't need to worry about frequently changing lenses anymore. With our cleaning kit, maintaining a clean sensor is hassle-free, ensuring consistent image quality and clarity in all your shots. | Professional-Grade Care: Experience professional-level sensor cleaning at the comfort of your home with our meticulously crafted cleaning kit, enhancing the longevity and performance of your camera equipment. Ensuring your camera sensor remains in optimal condition and minimizing the need for the expensive professional cleaning services. | User-Friendly Design: The kit is designed for easy-to-use sensor cleaning, even for beginners. Clear instructions guide you through the process, ensuring effective results with minimal effort.","https://m.media-amazon.com/images/I/41PavggVf0L.jpg | https://m.media-amazon.com/images/I/41B9zMgS-pL.jpg | https://m.media-amazon.com/images/I/31YDiux53PL.jpg | https://m.media-amazon.com/images/I/51pc8vorgPL.jpg | https://m.media-amazon.com/images/I/41hL7mRt8CL.jpg | https://m.media-amazon.com/images/I/31dyn5yUmEL.jpg | https://m.media-amazon.com/images/I/51XubEob1AL.SS40_BG85,85,85_BR-120_PKdp-play-icon-overlay__.jpg",,,,,,,,,,,B01B0TO8UC,,,,,,,,,,,,,,,,,,,,,,,,,,#31 in Camera & Photo Cleaning Kits,,,,,,,,,,,,,,,,,,,,,,,,,,,,,,,,,,,,,,,,,,,,,,,,,,,,,,,,,,,,"4.7  4.7 out of 5 stars    
    3,902 ratings   


 4.7 out of 5 stars",,,"January 24, 2016",,,,,,,,,,,,,,,,,,,,,,,,,,,,,,,,,,,,,,,,,,,,,,,,,,,,,,,,,,,,,,,,,,,,,,,,,,,,,,,,,No,,,,,,,,,,,,FFR-24,,,,,,,3.5 ounces,,,,,,,,,,,,,,,,,,,,UES,,,,,,,,,,,,,,,,,,,,,,,,,,,,,,,,,,,,,,,,,,,,,,,,,,,,,,,,,,,,,,,,,,,,,,,,,,,,,,,,,,,,,,,,,,,,,,,,,,,,,,,,,,,,,,,,,,,,,7.87 x 1.1 x 5.51 inches,,,,,,,,,,,,,,,,,,,,,,,,,,,,,,,,,,,,,,,,,,,,,,,,,,,,,,,,,,,,,,,,,,,,,,,,,,,,,,,,,,,,,,,,,,,,,,,,,,,,,,,,,,,,,,,,,"Camera & Photo Cleaning Kits       Is Discontinued By Manufacturer   No     Date First Available   January 24, 2016     Manufacturer   UES          Warranty & Support   Product Warranty: For warranty information about this product, please click here      Feedback",31.0,,,,,"['Comprehensive Kit: UES FFR24 Full Frame Camera Sensor Cleaning Kit includes a 15ml of sensor cleaner and 14 high-quality full-frame swabs. It provides a complete cleaning solution for your sensor maintenance needs.', 'Gentle and Safe: Engineered with precision, our alcohol-free sensor cleaner ensures safe and effective sensor cleaning, effectively removing dust and smudges without risking damage to your valuable equipment. Each 24mm full-frame sensor cleaning swab is vacuum-sealed, guaranteeing a dust-free and contamination-free cleaning experience every time.', ""Travel-Friendly: The compact and portable design of the kit allows you to take it with you on photography trips. Don't need to worry about frequently changing lenses anymore. With our cleaning kit, maintaining a clean sensor is hassle-free, ensuring consistent image quality and clarity in all your shots."", 'Professional-Grade Care: Experience professional-level sensor cleaning at the comfort of your home with our meticulously crafted cleaning kit, enhancing the longevity and performance of your camera equipment. Ensuring your camera sensor remains in optimal condition and minimizing the need for the expensive professional cleaning services.', 'User-Friendly Design: The kit is designed for easy-to-use sensor cleaning, even for beginners. Clear instructions guide you through the process, ensuring effective results with minimal effort.']","['https://m.media-amazon.com/images/I/41PavggVf0L.jpg', 'https://m.media-amazon.com/images/I/41B9zMgS-pL.jpg', 'https://m.media-amazon.com/images/I/31YDiux53PL.jpg', 'https://m.media-amazon.com/images/I/51pc8vorgPL.jpg', 'https://m.media-amazon.com/images/I/41hL7mRt8CL.jpg', 'https://m.media-amazon.com/images/I/31dyn5yUmEL.jpg', 'https://m.media-amazon.com/images/I/51XubEob1AL.SS40_BG85,85,85_BR-120_PKdp-play-icon-overlay__.jpg']","[{'rank': 31, 'category': 'Camera & Photo Cleaning Kits       Is Discontinued By Manufacturer   No     Date First Available   January 24, 2016     Manufacturer   UES          Warranty & Support   Product Warranty: For warranty information about this product, please click here      Feedback'}]","{'Product Dimensions': '7.87 x 1.1 x 5.51 inches', 'Item Weight': '3.5 ounces', 'ASIN': 'B01B0TO8UC', 'Item model number': 'FFR-24', 'Customer Reviews': '4.7  4.7 out of 5 stars    \n    3,902 ratings   \n\n\n 4.7 out of 5 stars', 'Best Sellers Rank': '#31 in Camera & Photo Cleaning Kits', 'Is Discontinued By Manufacturer': 'No', 'Date First Available': 'January 24, 2016', 'Manufacturer': 'UES'}"
B0D4LD5S1C,"Yealink Bluetooth Headset BH71 Pro,Teams Zoom Certified,Bluetooth Earpiece with Noise Canceling Microphones,Wireless Single Ear Headset with Charging Case,Connect Mobile/Mac/PC,USB-A Dongle",Yealink,107.9,$107.90,4.4,89.0,In Stock,single_ear_bluetooth_headsets_18021376011,18021376011,https://www.amazon.com/dp/B0D4LD5S1C,2025-09-13T04:27:10.224748,Product description,"【Bluetooth 5.3】Adopted Bluetooth 5.2 technology provides you super clear voice for talking. You can move freely with up to a 130ft (40 m) range, which gives you up to 4X the range of other Bluetooth headsets. Fast and easy to pair two devices at once.Compatible with iPhone, Android, tablets, laptops, and other leading smartphones. | 【Great Noise Canceling】Upgraded BH71 Pro Bluetooth earpiece adopts 4-Mic Beamforming Noise Cancellation Technology with multiple microphones to block 90% background noise for clearer calls. so your voice comes through clearly, especially outdoors. | 【30Hrs Working Time】Supports 10 hours of continuous talking and 216 hours of standby times in 1.5 hours single charge. And charging case battery up to 20 hours.it’s convenient for you to travel for a long time without frequently searching for a charging port. | 【Hands-Free Call & Mute Function】Activate Siri, and Google Assistant to allow you to easily answer, end, or reject calls, freeing your hands. Besides, the mute button on the Bluetooth earpieces can easily mute. During important business meetings, when there is an incoming call, you can activate the mute function at any time when answering, to prevent the other party from hearing, to protect your company's secrets, and then continue the meeting. | 【Ergonomic Design】bluetooth headset easily adjusts the ear hook to fit your ear best. Pull out the hook and put it on, and you can wear it with all-day comfort. The whole headset only weighs 18 grams/0.63oz, which makes your ear happy all day. 3Pcs different sizes ear tips to meet your needs.",https://m.media-amazon.com/images/I/31SIrewPnIL.jpg | https://m.media-amazon.com/images/I/41DiVTeqPVL.jpg | https://m.media-amazon.com/images/I/41huskoe7OL.jpg | https://m.media-amazon.com/images/I/51fyP0dJgkL.jpg | https://m.media-amazon.com/images/I/41xd9ov4AWL.jpg | https://m.media-amazon.com/images/I/51pVvxDvN8L.jpg | https://m.media-amazon.com/images/I/41X3ww424OL.jpg,,,,,Adult,,,,,,B0D4LD5S1C,,,,,,,Dynamic Driver,,,,,,,,,,,,,,,,10 Hours,,,"#17,806 in Cell Phones & Accessories (See Top 100 in Cell Phones & Accessories) #77 in Single Ear Bluetooth Cell Phone Headsets",40 Meters,5.3,,,,,,,,,,,,Without Cable,,,,,,,,,,,,,,,,,,1.5 Hours,,,,,,,,,,"Android, Bluetooth-enabled devices, Laptops, iPhone",,,,,,"Wireless, bluetooth",,,,,Remote,Button Control,Button,,,,,"4.4  4.4 out of 5 stars    
    89 ratings   


 4.4 out of 5 stars",,,"May 20, 2024",,,,,,,,,,,,,,,Hook,,,,,,,,,,,,,,,,,,,,,,,,,,"20Hz - 20,000Hz",,,,,,,,,,,,,,,,,,,,Without Jack,,,,,,"BH71 Headset, BT51A Dongle (Only for BH71 Pro), Eartip, Type-C 2.0 Cable, Wireless Charging Case",,,,,,,,,,,,,,,,,,,,,,,,,,BH71 Pro LD 2024,,,,,,,7 ounces,,,,,,,,,,,,,,,,,,,,Yealink,,,,,Plastic,,,,,,,,,,,,,,,,,,,,,,,,,,,,,,,,,BH71 Pro LD 2024,,,,,,,,,,,,,,,,,,,,,1,,,,,,,,,,,,,,,,,,,,,,,,,,,,,,,5.47 x 3.23 x 2.6 inches,,,,,,,,,,,,,,,,,,,,,,,,,,,,,,,,,,,,"Calling, Office Meetings",,,,,,,,,,,,,,,,,,,,,,,,,,,,,,,,,,"Fast Charging, Lightweight, Noise cancelling microphone, Touch Control",,,"Business, driving, working",,,,,,,,,,BH71 Pro USB-A,,,,,,,,,,,,,,,,,,,,,,,,,,,,,,841885122124,,,,,,,,,,Water Resistant,,,,,,,,,,Bluetooth,,,,,,,Cell Phones & Accessories,17806.0,"Single Ear Bluetooth Cell Phone Headsets       Date First Available   May 20, 2024          Warranty & Support   Product Warranty: For warranty information about this product, please click here      Feedback",77.0,,,"['【Bluetooth 5.3】Adopted Bluetooth 5.2 technology provides you super clear voice for talking. You can move freely with up to a 130ft (40 m) range, which gives you up to 4X the range of other Bluetooth headsets. Fast and easy to pair two devices at once.Compatible with iPhone, Android, tablets, laptops, and other leading smartphones.', '【Great Noise Canceling】Upgraded BH71 Pro Bluetooth earpiece adopts 4-Mic Beamforming Noise Cancellation Technology with multiple microphones to block 90% background noise for clearer calls. so your voice comes through clearly, especially outdoors.', '【30Hrs Working Time】Supports 10 hours of continuous talking and 216 hours of standby times in 1.5 hours single charge. And charging case battery up to 20 hours.it’s convenient for you to travel for a long time without frequently searching for a charging port.', ""【Hands-Free Call & Mute Function】Activate Siri, and Google Assistant to allow you to easily answer, end, or reject calls, freeing your hands. Besides, the mute button on the Bluetooth earpieces can easily mute. During important business meetings, when there is an incoming call, you can activate the mute function at any time when answering, to prevent the other party from hearing, to protect your company's secrets, and then continue the meeting."", '【Ergonomic Design】bluetooth headset easily adjusts the ear hook to fit your ear best. Pull out the hook and put it on, and you can wear it with all-day comfort. The whole headset only weighs 18 grams/0.63oz, which makes your ear happy all day. 3Pcs different sizes ear tips to meet your needs.']","['https://m.media-amazon.com/images/I/31SIrewPnIL.jpg', 'https://m.media-amazon.com/images/I/41DiVTeqPVL.jpg', 'https://m.media-amazon.com/images/I/41huskoe7OL.jpg', 'https://m.media-amazon.com/images/I/51fyP0dJgkL.jpg', 'https://m.media-amazon.com/images/I/41xd9ov4AWL.jpg', 'https://m.media-amazon.com/images/I/51pVvxDvN8L.jpg', 'https://m.media-amazon.com/images/I/41X3ww424OL.jpg']","[{'rank': 17806, 'category': 'Cell Phones & Accessories'}, {'rank': 77, 'category': 'Single Ear Bluetooth Cell Phone Headsets       Date First Available   May 20, 2024          Warranty & Support   Product Warranty: For warranty information about this product, please click here      Feedback'}]","{'Headphones Jack': 'Without Jack', 'Model Name': 'BH71 Pro LD 2024', 'Connectivity Technology': 'Wireless, bluetooth', 'Wireless Communication Technology': 'Bluetooth', 'Included Components': 'BH71 Headset, BT51A Dongle (Only for BH71 Pro), Eartip, Type-C 2.0 Cable, Wireless Charging Case', 'Age Range (Description)': 'Adult', 'Material': 'Plastic', 'Specific Uses For Product': 'Business, driving, working', 'Charging Time': '1.5 Hours', 'Recommended Uses For Product': 'Calling, Office Meetings', 'Compatible Devices': 'Android, Bluetooth-enabled devices, Laptops, iPhone', 'Control Type': 'Button Control', 'Cable Feature': 'Without Cable', 'Water Resistance Level': 'Water Resistant', 'Frequency Range': '20Hz - 20,000Hz', 'Style': 'BH71 Pro USB-A', 'Control Method': 'Remote', 'Number of Items': '1', 'Controller Type': 'Button', 'Battery Life': '10 Hours', 'Audio Driver Type': 'Dynamic Driver', 'Bluetooth Range': '40 Meters', 'Bluetooth Version': '5.3', 'Earpiece Shape': 'Hook', 'UPC': '841885122124', 'Special Feature': 'Fast Charging, Lightweight, Noise cancelling microphone, Touch Control', 'Manufacturer': 'Yealink', 'Package Dimensions': '5.47 x 3.23 x 2.6 inches', 'Item Weight': '7 ounces', 'ASIN': 'B0D4LD5S1C', 'Item model number': 'BH71 Pro LD 2024', 'Customer Reviews': '4.4  4.4 out of 5 stars    \n    89 ratings   \n\n\n 4.4 out of 5 stars', 'Best Sellers Rank': '#17,806 in Cell Phones & Accessories (See Top 100 in Cell Phones & Accessories) #77 in Single Ear Bluetooth Cell Phone Headsets', 'Date First Available': 'May 20, 2024'}"
B0F43YJ85S,"200 Pcs Disposable VR Face Mask Breathable Cover for VR Nonwoven Fabric Sanitary Eye Mask, Eye Cover Pad(White)",Saysurey,26.99,$26.99,5.0,2.0,In Stock,virtual_reality_(vr)_headsets_14775002011,14775002011,https://www.amazon.com/dp/B0F43YJ85S,2025-09-13T05:31:56.186134,"Features:  Disposable and convenient: We adopt reliable non woven fabrics and elastic belt, soft and breathable, you can use VR face mask without worrying about sharing the VR headset with others.  Elastic Fabric Belt: The VR sweat cover is mainly made of elastic fabric, with elegant appearance, bright color, appropriate elasticity makes it close to the face, practical for you to wear.  Specifications: Material: non woven fabric Color: as the pictures shown Size: about 23 x 12.5 cm/ 9.06 x 5 inch  Package includes: 200 x Disposable VR masks  Notes: Manual measurement, please allow slight errors on size. The color may exist a slight difference due to different screen displays.","Enough for Your Various Needs: the package comes with 200 pcs disposable VR masks, enough quantities for individual using and replacement, and you can also share the enough amount with your partners and family members, compatible with VR experience center | One Size Fit for Most People: this face cover measures about 23 x 12.5 cm/ 9.06 x 5 inch, the proper size can support you to wear, and you can use it with confidence | Non Woven Mask: VR eye mask cover is made of non woven fabric material, which is safe, soft and comfortable and friendly to the skin, sanitary and practical, can serve you for a long time | Nice Sweat Absorption and Breathable: VR mask can effectively absorb the sweat on your face in VR exercise, so that you don't need to wipe your face as often while exercising, nice for you to use | Wide Applications: with fine workmanship, VR mask is suitable for VR entertainment during family gatherings, VR business users, VR experience stores and other scenarios, you will be satisfied","https://m.media-amazon.com/images/I/31onc3GMSaL.jpg | https://m.media-amazon.com/images/I/41toNV-+sKL.jpg | https://m.media-amazon.com/images/I/41TEYr45i3L.jpg | https://m.media-amazon.com/images/I/41EXOdFPVsL.jpg | https://m.media-amazon.com/images/I/51VnYvb06gL.jpg | https://m.media-amazon.com/images/I/4180NhDeXaL.jpg | https://m.media-amazon.com/images/I/51ABbYahsWL.SS40_BG85,85,85_BR-120_PKdp-play-icon-overlay__.jpg",,,,,,,,,,,B0F43YJ85S,,,,,,,,,,,,,,,,,,,,,,,,,,"#72,869 in Cell Phones & Accessories (See Top 100 in Cell Phones & Accessories) #75 in Cell Phone Virtual Reality (VR) Headsets",,,,,,,,,,,,,,,,,,,,,,,,,,,,,,,,,,,,,,,,,,,,,,,,,,,,,,,,,,,,"5.0  5.0 out of 5 stars    
    2 ratings   


 5.0 out of 5 stars",,,"April 8, 2025",,,Unisex,,,,,,,,,,,,,,,,,,,,,,,,,,,,,,,,,,,,,,,,,,,,,,,,,,,,,,,,,,,,,,,,,,,,,,,,,,,,,,,,,,,,,,,,,,FAS-Saysurey-1097,,,,,,,15 ounces,,,,,,,,,,,,,,,,,,,,Saysurey,,,,,,,,,,,,,,,,,,,,,,,,,,,,,,,,,,,,,,,,,,,,,,,,,,,,,,,,,,,,,,,,,,,,,,,,,,,,,,,,,,,,,,,,,,,,,,,,,,,,,,,,,,,,,,,,,,,,,12.8 x 10.43 x 1.97 inches,,,,,,,,,,,,,,,,,,,,,,,,,,,,,,,,,,,,,,,,,,,,,,,,,,,,,,,,,,,,,,,,,,,,,,,,,,,,,,,,,,,,,,,,,,,,,,,,,,,,,,,,,,,,,,,,,Cell Phones & Accessories,72869.0,Cell Phone Virtual Reality,75.0,,,"['Enough for Your Various Needs: the package comes with 200 pcs disposable VR masks, enough quantities for individual using and replacement, and you can also share the enough amount with your partners and family members, compatible with VR experience center', 'One Size Fit for Most People: this face cover measures about 23 x 12.5 cm/ 9.06 x 5 inch, the proper size can support you to wear, and you can use it with confidence', 'Non Woven Mask: VR eye mask cover is made of non woven fabric material, which is safe, soft and comfortable and friendly to the skin, sanitary and practical, can serve you for a long time', ""Nice Sweat Absorption and Breathable: VR mask can effectively absorb the sweat on your face in VR exercise, so that you don't need to wipe your face as often while exercising, nice for you to use"", 'Wide Applications: with fine workmanship, VR mask is suitable for VR entertainment during family gatherings, VR business users, VR experience stores and other scenarios, you will be satisfied']","['https://m.media-amazon.com/images/I/31onc3GMSaL.jpg', 'https://m.media-amazon.com/images/I/41toNV-+sKL.jpg', 'https://m.media-amazon.com/images/I/41TEYr45i3L.jpg', 'https://m.media-amazon.com/images/I/41EXOdFPVsL.jpg', 'https://m.media-amazon.com/images/I/51VnYvb06gL.jpg', 'https://m.media-amazon.com/images/I/4180NhDeXaL.jpg', 'https://m.media-amazon.com/images/I/51ABbYahsWL.SS40_BG85,85,85_BR-120_PKdp-play-icon-overlay__.jpg']","[{'rank': 72869, 'category': 'Cell Phones & Accessories'}, {'rank': 75, 'category': 'Cell Phone Virtual Reality'}]","{'Product Dimensions': '12.8 x 10.43 x 1.97 inches', 'Item Weight': '15 ounces', 'ASIN': 'B0F43YJ85S', 'Item model number': 'FAS-Saysurey-1097', 'Customer Reviews': '5.0  5.0 out of 5 stars    \n    2 ratings   \n\n\n 5.0 out of 5 stars', 'Best Sellers Rank': '#72,869 in Cell Phones & Accessories (See Top 100 in Cell Phones & Accessories) #75 in Cell Phone Virtual Reality (VR) Headsets', 'Date First Available': 'April 8, 2025', 'Department': 'Unisex', 'Manufacturer': 'Saysurey'}"
B0BXJ1K4P5,"S9 Full-Size Gaming Phone Controller for iPhone 15/16, iPad Mini 6/7, Android Tablet, Bluetooth＆Type-C Mobile Gamepad with Free Key Mapping＆App, for Genshin Impact & Zenless Zone Zero, Hall Joystick",abxylute,74.99,$74.99,4.5,418.0,In Stock,gaming_accessories_21209102011,21209102011,https://www.amazon.com/dp/B0BXJ1K4P5,2025-09-13T01:55:49.625780,"Product description  

 
 

 
 
 
   Previous page 
   
 
   
 
   
 
   
Next page   



















      

   Previous page                Next page   
1 Mobile Gaming 

2 Emulator 

3 Cloud Gaming 

4 Remote Play 
    

    ABXY GAME APP - The most playable gamepad app on the market!   
 Enjoy best-in-class integration for instant access to every gaming system without complicated setups. With comprehensive settings, you can fine-tune every detail, from joystick sensitivity and trigger response to advanced macros, ensuring your controller perfectly matches your playstyle. Plus, take full control with free key mapping, allowing you to remap any button on the fly for peak performance across any game genre. Precision, power, and personalization are all in your hands.        
The video showcases the product in use.The video guides you through product setup.The video compares multiple products.The video shows the product being unpacked.Video Player is loading.Click to play videoPlayMuteCurrent Time 0:00/Duration 1:01Loaded: 9.85%0:00Stream Type LIVESeek to live, currently behind liveLIVERemaining Time -1:01 1xPlayback RateChaptersChaptersDescriptionsdescriptions off, selectedCaptionscaptions off, selectedAudio Trackdefault, selectedFullscreenThis is a modal window. S9 Game Controller Merchant Video

     

   Previous page 
   
 
   
 
   
 
   
Next page   



















      

   Previous page 
         Screenshot Key & Back Buttons     One-click to screenshot your amazing gaming moments! What's more, the back button lets you effortlessly set macros and extra functions—unlock limitless possibilities for your ultimate gaming!       
 
   
 
         Dual Rotor Motors     Equipped with Rotor motor, which is known for it's strong, powerful vibrations, giving that classic Xbox controller feel. In contrast, linear motors can feel stiff and lifeless without proper tuning.       
 
         Hall Effect Joystick and Trigger     S9 features it's Hall effect joysticks and triggers that offer zero drift and zero dead zones, significantly enhancing control precision and ensuring extended durability up to 5 million rotations.       
 
         6-Axis Gyro     Enjoy gyro-assisted aiming for pinpoint precision in FPS games, just like elite controllers. Use the gyro to steer in Forza 5 or to fine-tune your aim in Zelda, adding a whole new layer of control!       
Next page   






















      

   Previous page 
   
 
   
 
   
 
   
 
   
 
   
Next page   

























      

  



 What devices are supported?   


 Most devices with a Type-C port are supported, including most Android phones, iPhone 15 and 16 series, iPad Mini 6 & 7, and Android tablets under 8.8 inches.    



 Can iPhone 14 or earlier models be used?  


 No. The S9 uses a Type-C port, so lightning-port iPhones (iPhone 14 and below) are not supported. Only iPhone 15 and 16 series are compatible.    



 Will the controller block the phone’s camera?  


 The S9 features a recessed design near the camera area. It generally avoids blocking the camera.  



 Can it be used as a PC controller?   


 Yes, but it needs power first—either through a male-to-female charging cable or attaching a small power bank while clamped.  



 Does it support vibration?   


 The controller features small rotary motors for Xbox-style vibration. Note: if the game doesn’t provide vibration data, there will be no feedback.","[True Full-Size Phone Controller] Unlike other telescopic controllers with small grips, the S9 features a true full-size gamepad design, delivering a console-level controller experience on mobile. | [Handheld-Quality Gaming on Type-C Devices] Fully compatible with iPhone 15/16, iPad Mini 6/7, and Android devices like Samsung, Google Pixel, Motorola, ROG, and Legion. Stretchable up to 216mm, it fits tablets up to 8.8 inches for versatile, uninterrupted gameplay. Does not support foldable phones. | [Play-While-Charging] Supports 5V 1A Quick Charging, allowing uninterrupted gaming in both USB and Bluetooth modes. Play while charging with seamless power passthrough, ensuring your game never gets interrupted. | [Multi-Mode Gaming] Ideal for mobile gaming, emulators, cloud gaming, and remote play. Enjoy handheld-quality control on popular titles like Roblox, Genshin Impact, Call of Duty, and Forza Horizon 5 on your phone or tablet.(On Android devices, playing CODM with the S9 controller requires Bluetooth mode; on Apple devices, you can directly plug in and use.) | [Free abxy Gaming App] Access the most powerful gaming app for mobile controller, supporting local game library, Xbox Cloud Gaming, PS Remote Play, PPSSPP, Delta, and more. Enjoy free key mapping, joystick sensitivity, trigger adjustment, and other features for a fully customized gaming experience. 【The abxy app on iOS is limited: no virtual touch, and local game additions are restricted by Apple's policies, allowing only games from a predefined list—excluding some niche titles】 | [Premium Hardware Features] Equipped with Hall joystick and Hall trigger, dual rotor motors, 6-axis gyro, and programmable back buttons for an unmatched gaming session. | [Ergonomic and Lightweight Design] Weighing just 250g, the S9 fits comfortably even with a phone case. Comes with three D-pad options and two interchangeable joystick heights for versatile control across all game genres. | [Plastic-Free Package] The packaging box, from inside to outside, is made of 100% paper material, so small paper particles inside the box during transport are to be expected. | [With Silicone Spaces] Includes silicone spacers, perfect for using the S9 with bare phones and iPad Mini ensuring the volume buttons or other buttons are not pressed. To ensure 100% compatibility, we recommend using the S9 with tablets less than 213mm in length, and ensure the thickness between the phone case and charging port is under 2mm for S9 compatibility. | Most Android and iOS games lack vibration support. HID mode doesn't support it, while PS, NS, and XInput modes do. On iOS, controllers vibrate if games send signals; on Android, vibration support depends on kernel support for streaming and cloud gaming.","https://m.media-amazon.com/images/I/41-I3nIfHeL.jpg | https://m.media-amazon.com/images/I/513tirMcpuL.jpg | https://m.media-amazon.com/images/I/51ry6TDE6kL.jpg | https://m.media-amazon.com/images/I/51VDwie0y3L.jpg | https://m.media-amazon.com/images/I/41vADVrrlGL.jpg | https://m.media-amazon.com/images/I/51BXAMAg3SL.jpg | https://m.media-amazon.com/images/I/51lDufbgVpL.SX38_SY50_CR,0,0,38,50_BG85,85,85_BR-120_PKdp-play-icon-overlay__.jpg",,,,,,,,,,,B0DHGTJ3Q7,,,,,,,,,,,,,,,,,,,,,,,,,,"#7,287 in Cell Phones & Accessories (See Top 100 in Cell Phones & Accessories) #7 in Cell Phone Gaming Controllers",,,,,,,,,,,,,,,,,,,,,,,,,,,,,,,,,,,,,,,,,,,,,,,,,,,,,,,,,,,,"4.5  4.5 out of 5 stars    
    418 ratings   


 4.5 out of 5 stars",,,"September 19, 2024",,,,,,,,,,,,,,,,,,,,,,,,,,,,,,,,,,,,,,,,,,,,,,,,,,,,,,,,,,,,,,,,,,,,,,,,,,,,,,,,,,,,,,,,,,,,,,,,,,,,1.08 pounds,,,English,,,,,,,,,,,,,,,,,abxylute,,,,,,,,,,,,,,,,,,,,,,,,,,,,,,,,,,,,,,,,,,,,,,,,,,,,,,,,,,,,,,,,,,,,,,,,,,,,,,,,,,,,,,,,,,14.41 x 7.13 x 5.28 inches; 1.08 Pounds,,,,,,,,,,,,,,,,,,,,,,,,,,,,,,,,,,,,,,"September 19, 2024",,,,,,,,,,,,,,,,,,,,,,,,,,,,,,,,,,,,,,,,,,,,,,,,,,,,,,,,,,,,,,,,,,,,,,,Video Game,,,,,,,,,,,,,,,,,,,,,,,,,,,,,,,Cell Phones & Accessories,7287.0,"Cell Phone Gaming Controllers       Package Dimensions   14.41 x 7.13 x 5.28 inches; 1.08 Pounds     Type of item   Video Game     Language   English     Item Weight   1.08 pounds     Manufacturer   abxylute     Date First Available   September 19, 2024          Warranty & Support   Product Warranty: For warranty information about this product, please click here      Feedback",7.0,,,"['[True Full-Size Phone Controller] Unlike other telescopic controllers with small grips, the S9 features a true full-size gamepad design, delivering a console-level controller experience on mobile.', '[Handheld-Quality Gaming on Type-C Devices] Fully compatible with iPhone 15/16, iPad Mini 6/7, and Android devices like Samsung, Google Pixel, Motorola, ROG, and Legion. Stretchable up to 216mm, it fits tablets up to 8.8 inches for versatile, uninterrupted gameplay. Does not support foldable phones.', '[Play-While-Charging] Supports 5V 1A Quick Charging, allowing uninterrupted gaming in both USB and Bluetooth modes. Play while charging with seamless power passthrough, ensuring your game never gets interrupted.', '[Multi-Mode Gaming] Ideal for mobile gaming, emulators, cloud gaming, and remote play. Enjoy handheld-quality control on popular titles like Roblox, Genshin Impact, Call of Duty, and Forza Horizon 5 on your phone or tablet.(On Android devices, playing CODM with the S9 controller requires Bluetooth mode; on Apple devices, you can directly plug in and use.)', ""[Free abxy Gaming App] Access the most powerful gaming app for mobile controller, supporting local game library, Xbox Cloud Gaming, PS Remote Play, PPSSPP, Delta, and more. Enjoy free key mapping, joystick sensitivity, trigger adjustment, and other features for a fully customized gaming experience. 【The abxy app on iOS is limited: no virtual touch, and local game additions are restricted by Apple's policies, allowing only games from a predefined list—excluding some niche titles】"", '[Premium Hardware Features] Equipped with Hall joystick and Hall trigger, dual rotor motors, 6-axis gyro, and programmable back buttons for an unmatched gaming session.', '[Ergonomic and Lightweight Design] Weighing just 250g, the S9 fits comfortably even with a phone case. Comes with three D-pad options and two interchangeable joystick heights for versatile control across all game genres.', '[Plastic-Free Package] The packaging box, from inside to outside, is made of 100% paper material, so small paper particles inside the box during transport are to be expected.', '[With Silicone Spaces] Includes silicone spacers, perfect for using the S9 with bare phones and iPad Mini ensuring the volume buttons or other buttons are not pressed. To ensure 100% compatibility, we recommend using the S9 with tablets less than 213mm in length, and ensure the thickness between the phone case and charging port is under 2mm for S9 compatibility.', ""Most Android and iOS games lack vibration support. HID mode doesn't support it, while PS, NS, and XInput modes do. On iOS, controllers vibrate if games send signals; on Android, vibration support depends on kernel support for streaming and cloud gaming.""]","['https://m.media-amazon.com/images/I/41-I3nIfHeL.jpg', 'https://m.media-amazon.com/images/I/513tirMcpuL.jpg', 'https://m.media-amazon.com/images/I/51ry6TDE6kL.jpg', 'https://m.media-amazon.com/images/I/51VDwie0y3L.jpg', 'https://m.media-amazon.com/images/I/41vADVrrlGL.jpg', 'https://m.media-amazon.com/images/I/51BXAMAg3SL.jpg', 'https://m.media-amazon.com/images/I/51lDufbgVpL.SX38_SY50_CR,0,0,38,50_BG85,85,85_BR-120_PKdp-play-icon-overlay__.jpg']","[{'rank': 7287, 'category': 'Cell Phones & Accessories'}, {'rank': 7, 'category': 'Cell Phone Gaming Controllers       Package Dimensions   14.41 x 7.13 x 5.28 inches; 1.08 Pounds     Type of item   Video Game     Language   English     Item Weight   1.08 pounds     Manufacturer   abxylute     Date First Available   September 19, 2024          Warranty & Support   Product Warranty: For warranty information about this product, please click here      Feedback'}]","{'ASIN': 'B0DHGTJ3Q7', 'Release date': 'September 19, 2024', 'Customer Reviews': '4.5  4.5 out of 5 stars    \n    418 ratings   \n\n\n 4.5 out of 5 stars', 'Best Sellers Rank': '#7,287 in Cell Phones & Accessories (See Top 100 in Cell Phones & Accessories) #7 in Cell Phone Gaming Controllers', 'Package Dimensions': '14.41 x 7.13 x 5.28 inches; 1.08 Pounds', 'Type of item': 'Video Game', 'Language': 'English', 'Item Weight': '1.08 pounds', 'Manufacturer': 'abxylute', 'Date First Available': 'September 19, 2024'}"
